,steps,init,get_variables,execution,maximum,total
0,14,0.034510135650634766,0.20468759536743164,0.07004666328430176,3,0.30924439430236816
1,19,0.004775285720825195,0.13720989227294922,0.08789610862731934,4,0.22988128662109375
2,19,0.007349491119384766,0.10940837860107422,0.06987309455871582,5,0.1866309642791748
3,19,0.004793405532836914,0.09511542320251465,0.0609440803527832,6,0.16085290908813477
4,19,0.0059549808502197266,0.0823667049407959,0.05347919464111328,7,0.1418008804321289
5,24,0.004078388214111328,0.10967779159545898,0.07149386405944824,8,0.18525004386901855
6,24,0.004302501678466797,0.10789966583251953,0.06534504890441895,9,0.17754721641540527
7,24,0.004712104797363281,0.12982177734375,0.08335304260253906,10,0.21788692474365234
8,24,0.005430698394775391,0.12059164047241211,0.07997417449951172,11,0.20599651336669922
9,24,0.0055637359619140625,0.12061190605163574,0.07690191268920898,12,0.2030775547027588
10,24,0.004886150360107422,0.13258671760559082,0.0759890079498291,13,0.21346187591552734
11,24,0.006022453308105469,0.11966633796691895,0.07837510108947754,14,0.20406389236450195
12,24,0.0045261383056640625,0.13614654541015625,0.09308505058288574,15,0.23375773429870605
13,29,0.007298707962036133,0.13541841506958008,0.09368371963500977,16,0.23640084266662598
14,29,0.0041637420654296875,0.11904716491699219,0.07850217819213867,17,0.20171308517456055
15,29,0.0050852298736572266,0.09195184707641602,0.06519579887390137,18,0.1622328758239746
16,29,0.006138801574707031,0.12145328521728516,0.08238601684570312,19,0.2099781036376953
17,29,0.004677534103393555,0.11494207382202148,0.08287620544433594,20,0.20249581336975098
18,29,0.0045125484466552734,0.10140252113342285,0.06971144676208496,21,0.17562651634216309
19,29,0.0036706924438476562,0.10729479789733887,0.07774138450622559,22,0.1887068748474121
20,29,0.005678653717041016,0.1208808422088623,0.09629225730895996,23,0.22285175323486328
21,29,0.003768444061279297,0.10405373573303223,0.0703277587890625,24,0.17814993858337402
22,29,0.004161834716796875,0.11172270774841309,0.07712674140930176,25,0.19301128387451172
23,29,0.00479578971862793,0.11359882354736328,0.07854127883911133,26,0.19693589210510254
24,29,0.004255771636962891,0.11558389663696289,0.0797727108001709,27,0.19961237907409668
25,29,0.0058782100677490234,0.13004612922668457,0.08753085136413574,28,0.22345519065856934
26,29,0.0039904117584228516,0.11043286323547363,0.0730886459350586,29,0.18751192092895508
27,29,0.0035665035247802734,0.10664916038513184,0.07581853866577148,30,0.1860342025756836
28,29,0.004350900650024414,0.10722112655639648,0.08029699325561523,31,0.19186902046203613
29,34,0.005172252655029297,0.1479959487915039,0.1005547046661377,32,0.2537229061126709
30,34,0.004770040512084961,0.1373579502105713,0.09181427955627441,33,0.23394227027893066
31,34,0.0039632320404052734,0.10667681694030762,0.07517290115356445,34,0.18581295013427734
32,34,0.003966569900512695,0.1648879051208496,0.11686873435974121,35,0.2857232093811035
33,34,0.005632638931274414,0.1380786895751953,0.09101510047912598,36,0.2347264289855957
34,34,0.007386684417724609,0.1529686450958252,0.10361647605895996,37,0.26397180557250977
35,34,0.004650115966796875,0.16295385360717773,0.11181449890136719,38,0.2794184684753418
36,34,0.004797458648681641,0.1442716121673584,0.09449958801269531,39,0.24356865882873535
37,34,0.0036873817443847656,0.1754460334777832,0.12511754035949707,40,0.30425095558166504
38,34,0.004038810729980469,0.16202354431152344,0.10791468620300293,41,0.27397704124450684
39,34,0.004587650299072266,0.15022778511047363,0.10167551040649414,42,0.25649094581604004
40,34,0.006081581115722656,0.12737798690795898,0.08983206748962402,43,0.22329163551330566
41,34,0.00507354736328125,0.16521430015563965,0.10253047943115234,44,0.27281832695007324
42,34,0.005809783935546875,0.15598511695861816,0.11390423774719238,45,0.2756991386413574
43,34,0.00552678108215332,0.17916321754455566,0.12256407737731934,46,0.3072540760040283
44,34,0.005850553512573242,0.12706995010375977,0.08983874320983887,47,0.22275924682617188
45,34,0.005290031433105469,0.13041186332702637,0.0866396427154541,48,0.22234153747558594
46,34,0.003870725631713867,0.1298527717590332,0.08838486671447754,49,0.2221083641052246
47,34,0.0036864280700683594,0.15067243576049805,0.10022902488708496,50,0.25458788871765137
48,34,0.00513148307800293,0.13775634765625,0.09658479690551758,51,0.2394726276397705
49,34,0.004654645919799805,0.14463186264038086,0.0962517261505127,52,0.24553823471069336
50,34,0.0038177967071533203,0.14424872398376465,0.10535693168640137,53,0.25342345237731934
51,34,0.004769802093505859,0.13650059700012207,0.0912938117980957,54,0.23256421089172363
52,34,0.004244804382324219,0.18020105361938477,0.12667632102966309,55,0.31112217903137207
53,34,0.0044782161712646484,0.1595447063446045,0.10773205757141113,56,0.2717549800872803
54,34,0.004991292953491211,0.12804055213928223,0.08440732955932617,57,0.2174391746520996
55,34,0.0060460567474365234,0.13386797904968262,0.0888357162475586,58,0.22874975204467773
56,34,0.0036776065826416016,0.15361642837524414,0.10343647003173828,59,0.260730504989624
57,34,0.0038042068481445312,0.11618208885192871,0.07971954345703125,60,0.1997058391571045
58,34,0.004857063293457031,0.14155912399291992,0.09446978569030762,61,0.24088597297668457
59,34,0.004601001739501953,0.1624915599822998,0.10886001586914062,62,0.2759525775909424
60,34,0.006407022476196289,0.15566301345825195,0.10524582862854004,63,0.2673158645629883
61,39,0.004696846008300781,0.12917780876159668,0.09181809425354004,64,0.2256927490234375
62,39,0.00462031364440918,0.18856573104858398,0.12033772468566895,65,0.3135237693786621
63,39,0.0047953128814697266,0.13775420188903809,0.09809660911560059,66,0.2406461238861084
64,39,0.003551959991455078,0.1589488983154297,0.10986590385437012,67,0.2723667621612549
65,39,0.006247520446777344,0.2066822052001953,0.145751953125,68,0.35868167877197266
66,39,0.0050160884857177734,0.16950225830078125,0.10832643508911133,69,0.28284478187561035
67,39,0.004757404327392578,0.174560546875,0.12268781661987305,70,0.3020057678222656
68,39,0.004444599151611328,0.1625370979309082,0.11418271064758301,71,0.28116440773010254
69,39,0.003950357437133789,0.23310184478759766,0.15803956985473633,72,0.3950917720794678
70,39,0.006299018859863281,0.1851804256439209,0.1242983341217041,73,0.3157777786254883
71,39,0.004209756851196289,0.15245985984802246,0.10340595245361328,74,0.26007556915283203
72,39,0.0043087005615234375,0.198775053024292,0.12939882278442383,75,0.33248257637023926
73,39,0.004835605621337891,0.16736912727355957,0.11419868469238281,76,0.2864034175872803
74,39,0.006747007369995117,0.19724154472351074,0.128737211227417,77,0.33272576332092285
75,39,0.007021427154541016,0.15938043594360352,0.10628342628479004,78,0.27268528938293457
76,39,0.00661158561706543,0.17606782913208008,0.11918234825134277,79,0.3018617630004883
77,39,0.0057086944580078125,0.16900134086608887,0.12542486190795898,80,0.30013489723205566
78,39,0.004256725311279297,0.15056514739990234,0.10216760635375977,81,0.2569894790649414
79,39,0.003632783889770508,0.19360995292663574,0.13495588302612305,82,0.3321986198425293
80,39,0.005846500396728516,0.18239855766296387,0.1331794261932373,83,0.3214244842529297
81,39,0.004480838775634766,0.16774225234985352,0.11786627769470215,84,0.29008936882019043
82,39,0.006554841995239258,0.19042420387268066,0.13733291625976562,85,0.33431196212768555
83,39,0.008706808090209961,0.21780157089233398,0.141371488571167,86,0.36787986755371094
84,39,0.006221771240234375,0.2178955078125,0.1403508186340332,87,0.3644680976867676
85,39,0.00394439697265625,0.17895889282226562,0.12398982048034668,88,0.30689311027526855
86,39,0.004099607467651367,0.16695713996887207,0.12225103378295898,89,0.2933077812194824
87,39,0.003946542739868164,0.17706704139709473,0.12259578704833984,90,0.30360937118530273
88,39,0.004200458526611328,0.1418311595916748,0.09829401969909668,91,0.2443256378173828
89,39,0.004537105560302734,0.1619091033935547,0.1178131103515625,92,0.2842593193054199
90,39,0.004415988922119141,0.15489840507507324,0.11493086814880371,93,0.2742452621459961
91,39,0.006311893463134766,0.16449666023254395,0.1122732162475586,94,0.2830817699432373
92,39,0.006101131439208984,0.1835498809814453,0.10809659957885742,95,0.2977476119995117
93,39,0.004049539566040039,0.15390682220458984,0.11143636703491211,96,0.269392728805542
94,39,0.007732391357421875,0.17884469032287598,0.1245412826538086,97,0.31111836433410645
95,39,0.006148815155029297,0.2105882167816162,0.14362406730651855,98,0.36036109924316406
96,39,0.005833148956298828,0.18386125564575195,0.12717700004577637,99,0.31687140464782715
97,39,0.004283428192138672,0.21111655235290527,0.13760137557983398,100,0.35300135612487793
98,39,0.005189180374145508,0.16510272026062012,0.11039304733276367,101,0.2806849479675293
99,39,0.004094123840332031,0.16306829452514648,0.11269950866699219,102,0.2798619270324707
100,39,0.004433631896972656,0.15103673934936523,0.10780024528503418,103,0.26327061653137207
101,39,0.0039980411529541016,0.19257259368896484,0.11595845222473145,104,0.3125290870666504
102,39,0.007501363754272461,0.1600790023803711,0.10476183891296387,105,0.2723422050476074
103,39,0.007779359817504883,0.1614232063293457,0.1104893684387207,106,0.2796919345855713
104,39,0.0046579837799072266,0.15699219703674316,0.11156392097473145,107,0.27321410179138184
105,39,0.0038449764251708984,0.17621707916259766,0.12476992607116699,108,0.30483198165893555
106,39,0.005759000778198242,0.15692996978759766,0.1129293441772461,109,0.275618314743042
107,39,0.004977703094482422,0.1978154182434082,0.1332690715789795,110,0.3360621929168701
108,39,0.004835367202758789,0.17383146286010742,0.1156773567199707,111,0.2943441867828369
109,39,0.00480198860168457,0.14507389068603516,0.09951376914978027,112,0.2493896484375
110,39,0.00449371337890625,0.17519450187683105,0.11364150047302246,113,0.29332971572875977
111,39,0.006158113479614258,0.20824170112609863,0.1453690528869629,114,0.3597688674926758
112,39,0.006289005279541016,0.15188336372375488,0.10487484931945801,115,0.2630472183227539
113,39,0.0042972564697265625,0.1982889175415039,0.13088607788085938,116,0.33347225189208984
114,39,0.006247758865356445,0.18551135063171387,0.1329336166381836,117,0.3246927261352539
115,39,0.004371166229248047,0.15768146514892578,0.11258912086486816,118,0.274641752243042
116,39,0.006606578826904297,0.15926432609558105,0.09467053413391113,119,0.2605414390563965
117,39,0.004141569137573242,0.15206170082092285,0.11022043228149414,120,0.26642370223999023
118,39,0.006630659103393555,0.1866302490234375,0.12801575660705566,121,0.3212766647338867
119,39,0.004657268524169922,0.1734941005706787,0.1143796443939209,122,0.29253101348876953
120,39,0.007470846176147461,0.16034770011901855,0.10665130615234375,123,0.27446985244750977
121,39,0.004232168197631836,0.19287753105163574,0.13451790809631348,124,0.33162760734558105
122,39,0.006356239318847656,0.20261573791503906,0.13631772994995117,125,0.3452897071838379
123,39,0.00628352165222168,0.17229151725769043,0.12108635902404785,126,0.29966139793395996
124,39,0.007091999053955078,0.17981362342834473,0.11737656593322754,127,0.30428218841552734
125,44,0.006153583526611328,0.1970658302307129,0.1312122344970703,128,0.33443164825439453
126,44,0.0050585269927978516,0.19804596900939941,0.14252209663391113,129,0.3456265926361084
127,44,0.005053043365478516,0.18576622009277344,0.12410521507263184,130,0.3149244785308838
128,44,0.0072476863861083984,0.17007184028625488,0.11667251586914062,131,0.2939920425415039
129,44,0.004827976226806641,0.16430401802062988,0.12042093276977539,132,0.2895529270172119
130,44,0.006752729415893555,0.23444437980651855,0.16437053680419922,133,0.40556764602661133
131,44,0.006652355194091797,0.18903756141662598,0.13493585586547852,134,0.3306257724761963
132,44,0.00447392463684082,0.19014906883239746,0.1449434757232666,135,0.3395664691925049
133,44,0.004060029983520508,0.161513090133667,0.11525964736938477,136,0.28083276748657227
134,44,0.00438690185546875,0.16617703437805176,0.11541390419006348,137,0.285977840423584
135,44,0.0047528743743896484,0.17248082160949707,0.12687468528747559,138,0.3041083812713623
136,44,0.005298614501953125,0.21302485466003418,0.1376183032989502,139,0.3559417724609375
137,44,0.006830692291259766,0.19092392921447754,0.1296403408050537,140,0.327394962310791
138,44,0.004584550857543945,0.20003938674926758,0.13240694999694824,141,0.33703088760375977
139,44,0.004642009735107422,0.20283842086791992,0.14986681938171387,142,0.3573472499847412
140,44,0.0059812068939208984,0.2483820915222168,0.1622006893157959,143,0.4165639877319336
141,44,0.0077207088470458984,0.19549775123596191,0.13468670845031738,144,0.3379051685333252
142,44,0.004426717758178711,0.20465707778930664,0.1358928680419922,145,0.34497666358947754
143,44,0.005199432373046875,0.190568208694458,0.13564157485961914,146,0.331409215927124
144,44,0.004151344299316406,0.22821760177612305,0.15990257263183594,147,0.3922715187072754
145,44,0.006259918212890625,0.17658329010009766,0.12572550773620605,148,0.30856871604919434
146,44,0.0062906742095947266,0.21142983436584473,0.13865137100219727,149,0.3563718795776367
147,44,0.005834817886352539,0.1810462474822998,0.12173819541931152,150,0.30861926078796387
148,44,0.007381916046142578,0.2330150604248047,0.1587374210357666,151,0.39913439750671387
149,44,0.005851268768310547,0.21419644355773926,0.1484529972076416,152,0.3685007095336914
150,44,0.0048291683197021484,0.20330429077148438,0.12368202209472656,153,0.3318154811859131
151,44,0.003847837448120117,0.19675660133361816,0.14180755615234375,154,0.34241199493408203
152,44,0.005138874053955078,0.1941547393798828,0.12871813774108887,155,0.32801175117492676
153,44,0.005370378494262695,0.16067218780517578,0.11032509803771973,156,0.2763676643371582
154,44,0.004553318023681641,0.18067097663879395,0.12501907348632812,157,0.3102433681488037
155,44,0.006958484649658203,0.17315936088562012,0.12421274185180664,158,0.30433058738708496
156,44,0.007429599761962891,0.17750024795532227,0.12161970138549805,159,0.3065495491027832
157,44,0.004986763000488281,0.20082473754882812,0.12390565872192383,160,0.32971715927124023
158,44,0.007212400436401367,0.20668315887451172,0.1438751220703125,161,0.3577706813812256
159,44,0.005472660064697266,0.16975688934326172,0.11232471466064453,162,0.2875542640686035
160,44,0.004933595657348633,0.18941140174865723,0.13562631607055664,163,0.3299713134765625
161,44,0.004645586013793945,0.16915512084960938,0.11557245254516602,164,0.28937315940856934
162,44,0.005277872085571289,0.18069124221801758,0.13199687004089355,165,0.3179659843444824
163,44,0.0042645931243896484,0.23903799057006836,0.1577754020690918,166,0.4010779857635498
164,44,0.0047626495361328125,0.1784815788269043,0.13156390190124512,167,0.3148081302642822
165,44,0.004080295562744141,0.2299814224243164,0.14339494705200195,168,0.3774566650390625
166,44,0.005593061447143555,0.17219781875610352,0.12097620964050293,169,0.29876708984375
167,44,0.0036268234252929688,0.20701885223388672,0.14908456802368164,170,0.35973024368286133
168,44,0.008250713348388672,0.20028066635131836,0.14303851127624512,171,0.35156989097595215
169,44,0.0068454742431640625,0.21275877952575684,0.14699411392211914,172,0.36659836769104004
170,44,0.010004758834838867,0.20913934707641602,0.14767050743103027,173,0.36681461334228516
171,44,0.0067937374114990234,0.20846819877624512,0.14838242530822754,174,0.3636443614959717
172,44,0.006282329559326172,0.19231748580932617,0.12702274322509766,175,0.32562255859375
173,44,0.00798797607421875,0.22702407836914062,0.14519453048706055,176,0.3802065849304199
174,44,0.004839420318603516,0.2236490249633789,0.1508626937866211,177,0.3793511390686035
175,44,0.005067348480224609,0.19725704193115234,0.14045381546020508,178,0.34277820587158203
176,44,0.004937171936035156,0.21266674995422363,0.15552043914794922,179,0.373124361038208
177,44,0.007573843002319336,0.21936798095703125,0.14651894569396973,180,0.3734607696533203
178,44,0.006937980651855469,0.24016571044921875,0.16180038452148438,181,0.4089040756225586
179,44,0.005788087844848633,0.17847537994384766,0.12790250778198242,182,0.3121659755706787
180,44,0.005254030227661133,0.2046070098876953,0.1491539478302002,183,0.35901498794555664
181,44,0.004595279693603516,0.19335126876831055,0.11791467666625977,184,0.31586122512817383
182,44,0.004519462585449219,0.20659589767456055,0.13651800155639648,185,0.34763336181640625
183,44,0.007050275802612305,0.19435763359069824,0.13334012031555176,186,0.3347480297088623
184,44,0.008076667785644531,0.24995660781860352,0.1736009120941162,187,0.43163418769836426
185,44,0.007293701171875,0.2112584114074707,0.14558172225952148,188,0.3641338348388672
186,44,0.005569934844970703,0.22548151016235352,0.15096187591552734,189,0.38201332092285156
187,44,0.006998300552368164,0.24360942840576172,0.16352415084838867,190,0.41413187980651855
188,44,0.005507946014404297,0.20701122283935547,0.16596603393554688,191,0.37848520278930664
189,44,0.004783153533935547,0.20906734466552734,0.13971829414367676,192,0.35356879234313965
190,44,0.00753021240234375,0.2252790927886963,0.15578103065490723,193,0.38859033584594727
191,44,0.007938861846923828,0.19985127449035645,0.1382884979248047,194,0.34607863426208496
192,44,0.004984617233276367,0.1740093231201172,0.12057685852050781,195,0.29957079887390137
193,44,0.004701137542724609,0.20447564125061035,0.13843083381652832,196,0.3476076126098633
194,44,0.00805521011352539,0.2615811824798584,0.17379355430603027,197,0.44342994689941406
195,44,0.005194902420043945,0.22391438484191895,0.15585851669311523,198,0.3849678039550781
196,44,0.006672382354736328,0.24875950813293457,0.15855813026428223,199,0.4139900207519531
197,44,0.0072786808013916016,0.18108487129211426,0.11809420585632324,200,0.3064577579498291
198,44,0.007761716842651367,0.21709823608398438,0.15602755546569824,201,0.380887508392334
199,44,0.005869150161743164,0.2173464298248291,0.15259718894958496,202,0.3758127689361572
200,44,0.005358695983886719,0.18739724159240723,0.13256072998046875,203,0.3253166675567627
201,44,0.006188154220581055,0.28049612045288086,0.18943023681640625,204,0.47611451148986816
202,44,0.007451295852661133,0.1944870948791504,0.13300299644470215,205,0.33494138717651367
203,44,0.007356166839599609,0.24095773696899414,0.16253042221069336,206,0.4108443260192871
204,44,0.006678342819213867,0.2549576759338379,0.14680194854736328,207,0.40843796730041504
205,44,0.007044792175292969,0.19573378562927246,0.14009618759155273,208,0.34287476539611816
206,44,0.007808208465576172,0.18529105186462402,0.13073039054870605,209,0.32382965087890625
207,44,0.004451751708984375,0.22875714302062988,0.15148472785949707,210,0.38469362258911133
208,44,0.006478786468505859,0.18726325035095215,0.12649202346801758,211,0.3202340602874756
209,44,0.007611751556396484,0.23924803733825684,0.16735529899597168,212,0.414215087890625
210,44,0.0053560733795166016,0.19305920600891113,0.13328170776367188,213,0.3316969871520996
211,44,0.005686759948730469,0.2013554573059082,0.14076614379882812,214,0.3478083610534668
212,44,0.006510734558105469,0.23502445220947266,0.14220285415649414,215,0.38373804092407227
213,44,0.007850408554077148,0.21588587760925293,0.1497948169708252,216,0.3735311031341553
214,44,0.004524946212768555,0.18942832946777344,0.13602662086486816,217,0.32997989654541016
215,44,0.005416154861450195,0.18833518028259277,0.13048720359802246,218,0.32423853874206543
216,44,0.005811214447021484,0.22281622886657715,0.15939998626708984,219,0.3880274295806885
217,44,0.007501840591430664,0.21495604515075684,0.1497821807861328,220,0.3722400665283203
218,44,0.005707740783691406,0.1999650001525879,0.1351029872894287,221,0.340775728225708
219,44,0.00822758674621582,0.2535820007324219,0.1765153408050537,222,0.4383249282836914
220,44,0.00771021842956543,0.20036935806274414,0.16382741928100586,223,0.37190699577331543
221,44,0.008147716522216797,0.2511265277862549,0.16306853294372559,224,0.42234277725219727
222,44,0.008884906768798828,0.21680879592895508,0.14971709251403809,225,0.375410795211792
223,44,0.007630825042724609,0.22077512741088867,0.15826630592346191,226,0.3866722583770752
224,44,0.006300926208496094,0.236893892288208,0.16006159782409668,227,0.4032564163208008
225,44,0.008885860443115234,0.24368548393249512,0.16394448280334473,228,0.4165158271789551
226,44,0.005331754684448242,0.21571111679077148,0.14461994171142578,229,0.3656628131866455
227,44,0.006302356719970703,0.24371337890625,0.16041159629821777,230,0.4104273319244385
228,44,0.008370399475097656,0.2537651062011719,0.1739039421081543,231,0.43603944778442383
229,44,0.007678508758544922,0.23812580108642578,0.16186070442199707,232,0.4076650142669678
230,44,0.00617527961730957,0.16642165184020996,0.11603736877441406,233,0.2886343002319336
231,44,0.005051851272583008,0.2316298484802246,0.16195344924926758,234,0.3986351490020752
232,44,0.008114099502563477,0.24526262283325195,0.17502999305725098,235,0.4284067153930664
233,44,0.008122682571411133,0.24251747131347656,0.16166949272155762,236,0.4123096466064453
234,44,0.009203433990478516,0.19411182403564453,0.13393092155456543,237,0.3372461795806885
235,44,0.009068965911865234,0.23551535606384277,0.18622875213623047,238,0.4308130741119385
236,44,0.006572723388671875,0.21480202674865723,0.1532588005065918,239,0.3746335506439209
237,44,0.0053768157958984375,0.20957374572753906,0.15002083778381348,240,0.364971399307251
238,44,0.005387306213378906,0.21326231956481934,0.14751696586608887,241,0.3661665916442871
239,44,0.005780935287475586,0.20338201522827148,0.14049124717712402,242,0.3496541976928711
240,44,0.009182929992675781,0.19744658470153809,0.1288137435913086,243,0.33544325828552246
241,44,0.0059931278228759766,0.22445344924926758,0.1449871063232422,244,0.37543368339538574
242,44,0.008413553237915039,0.18259835243225098,0.132584810256958,245,0.323596715927124
243,44,0.004533529281616211,0.26687169075012207,0.16754817962646484,246,0.4389533996582031
244,44,0.008282184600830078,0.2603130340576172,0.17897844314575195,247,0.4475736618041992
245,44,0.008051872253417969,0.23076272010803223,0.16094326972961426,248,0.39975786209106445
246,44,0.00732874870300293,0.21773171424865723,0.1503467559814453,249,0.37540721893310547
247,44,0.009613990783691406,0.2916386127471924,0.19394207000732422,250,0.495194673538208
248,44,0.005820512771606445,0.2332921028137207,0.15703248977661133,251,0.3961451053619385
249,44,0.008458852767944336,0.22367525100708008,0.15546393394470215,252,0.38759803771972656
250,44,0.004786014556884766,0.2012321949005127,0.1369309425354004,253,0.34294915199279785
251,44,0.005586862564086914,0.27266669273376465,0.15620136260986328,254,0.43445491790771484
252,44,0.005458354949951172,0.2056870460510254,0.1496293544769287,255,0.3607747554779053
253,49,0.007555961608886719,0.2818169593811035,0.19166779518127441,256,0.48104071617126465
254,49,0.007909536361694336,0.2385258674621582,0.1664872169494629,257,0.41292262077331543
255,49,0.005548238754272461,0.2329273223876953,0.16828036308288574,258,0.4067559242248535
256,49,0.00797414779663086,0.2469944953918457,0.17739248275756836,259,0.4323611259460449
257,49,0.00751948356628418,0.2245347499847412,0.15395379066467285,260,0.38600802421569824
258,49,0.007779359817504883,0.2628748416900635,0.16496896743774414,261,0.4356231689453125
259,49,0.004988193511962891,0.2333967685699463,0.1607983112335205,262,0.3991832733154297
260,49,0.006444215774536133,0.258392333984375,0.1723012924194336,263,0.4371378421783447
261,49,0.005438327789306641,0.19336915016174316,0.13364052772521973,264,0.33244800567626953
262,49,0.00892782211303711,0.20899605751037598,0.15086889266967773,265,0.3687927722930908
263,49,0.005631923675537109,0.23134493827819824,0.14915060997009277,266,0.3861274719238281
264,49,0.004275798797607422,0.2582728862762451,0.1823582649230957,267,0.44490694999694824
265,49,0.007963418960571289,0.2301628589630127,0.19892454147338867,268,0.43705081939697266
266,49,0.008720874786376953,0.2569847106933594,0.178985595703125,269,0.44469118118286133
267,49,0.008618831634521484,0.2284224033355713,0.16223382949829102,270,0.3992750644683838
268,49,0.008623838424682617,0.252429723739624,0.17682385444641113,271,0.4378774166107178
269,49,0.0087890625,0.28638625144958496,0.19160985946655273,272,0.4867851734161377
270,49,0.005818367004394531,0.2298903465270996,0.1604020595550537,273,0.39611077308654785
271,49,0.009174108505249023,0.26381564140319824,0.18514060974121094,274,0.4581303596496582
272,49,0.008562088012695312,0.2411632537841797,0.14713287353515625,275,0.39685821533203125
273,49,0.005150794982910156,0.20667195320129395,0.1450655460357666,276,0.3568882942199707
274,49,0.009521484375,0.2391679286956787,0.16564488410949707,277,0.4143342971801758
275,49,0.005331516265869141,0.2797067165374756,0.1926279067993164,278,0.47766613960266113
276,49,0.007917165756225586,0.24105453491210938,0.1686842441558838,279,0.41765594482421875
277,49,0.0065996646881103516,0.2446763515472412,0.1664268970489502,280,0.41770291328430176
278,49,0.008144617080688477,0.2267138957977295,0.15615010261535645,281,0.3910086154937744
279,49,0.008504152297973633,0.3055131435394287,0.1799180507659912,282,0.49393534660339355
280,49,0.009094476699829102,0.26194047927856445,0.184401273727417,283,0.45543622970581055
281,49,0.00734257698059082,0.19940614700317383,0.1435718536376953,284,0.35032057762145996
282,49,0.005624532699584961,0.24248552322387695,0.17031621932983398,285,0.4184262752532959
283,49,0.006597995758056641,0.2509932518005371,0.1706249713897705,286,0.42821621894836426
284,49,0.007922887802124023,0.21760773658752441,0.15295147895812988,287,0.3784821033477783
285,49,0.005333423614501953,0.2537710666656494,0.17415070533752441,288,0.4332551956176758
286,49,0.007408618927001953,0.21483850479125977,0.17397069931030273,289,0.39621782302856445
287,49,0.00567173957824707,0.2854175567626953,0.19762945175170898,290,0.48871874809265137
288,49,0.0068874359130859375,0.2162024974822998,0.15779423713684082,291,0.38088417053222656
289,49,0.007343292236328125,0.28641796112060547,0.19285082817077637,292,0.48661208152770996
290,49,0.008422374725341797,0.24056744575500488,0.16873621940612793,293,0.4177260398864746
291,49,0.009644269943237305,0.22843027114868164,0.16382169723510742,294,0.40189623832702637
292,49,0.008575201034545898,0.2275991439819336,0.16416382789611816,295,0.40033817291259766
293,49,0.008441925048828125,0.2574326992034912,0.16141438484191895,296,0.4272890090942383
294,49,0.00590205192565918,0.20250749588012695,0.1415691375732422,297,0.3499786853790283
295,49,0.006203889846801758,0.20776772499084473,0.14615249633789062,298,0.3601241111755371
296,49,0.005422115325927734,0.27261996269226074,0.1932516098022461,299,0.47129368782043457
297,49,0.008578777313232422,0.24445557594299316,0.17721009254455566,300,0.43024444580078125
298,49,0.006522417068481445,0.2395954132080078,0.1787247657775879,301,0.42484259605407715
299,49,0.007149934768676758,0.20894551277160645,0.1420135498046875,302,0.3581089973449707
300,49,0.0059168338775634766,0.30271148681640625,0.18082976341247559,303,0.4894580841064453
301,49,0.008519411087036133,0.23419618606567383,0.16548371315002441,304,0.4081993103027344
302,49,0.009598731994628906,0.2973473072052002,0.18956756591796875,305,0.49651360511779785
303,49,0.009674787521362305,0.23152565956115723,0.16089940071105957,306,0.4020998477935791
304,49,0.005455970764160156,0.22071170806884766,0.1610856056213379,307,0.3872532844543457
305,49,0.006995201110839844,0.21372437477111816,0.1454296112060547,308,0.3661491870880127
306,49,0.00559687614440918,0.22596979141235352,0.1544036865234375,309,0.3859703540802002
307,49,0.005493640899658203,0.2729604244232178,0.21367406845092773,310,0.4921281337738037
308,49,0.010069608688354492,0.2689666748046875,0.18845319747924805,311,0.46748948097229004
309,49,0.008989810943603516,0.23643231391906738,0.1653270721435547,312,0.4107491970062256
310,49,0.006428956985473633,0.2314763069152832,0.15762829780578613,313,0.39553356170654297
311,49,0.005611419677734375,0.2622642517089844,0.18172168731689453,314,0.4495973587036133
312,49,0.009276390075683594,0.25649237632751465,0.17489194869995117,315,0.4406607151031494
313,49,0.006363630294799805,0.29904699325561523,0.19538331031799316,316,0.5007939338684082
314,49,0.0059168338775634766,0.29631495475769043,0.18447518348693848,317,0.4867069721221924
315,49,0.0065288543701171875,0.25974106788635254,0.17518329620361328,318,0.441453218460083
316,49,0.00646519660949707,0.22809147834777832,0.16158199310302734,319,0.39613866806030273
317,49,0.005303621292114258,0.22145867347717285,0.15204119682312012,320,0.3788034915924072
318,49,0.005830526351928711,0.2512087821960449,0.17275786399841309,321,0.4297971725463867
319,49,0.006102085113525391,0.22066450119018555,0.14963293075561523,322,0.37639951705932617
320,49,0.0056726932525634766,0.25281691551208496,0.1804180145263672,323,0.4389076232910156
321,49,0.03907179832458496,0.23110628128051758,0.1595616340637207,324,0.42973971366882324
322,49,0.0063207149505615234,0.2507905960083008,0.17598891258239746,325,0.43310022354125977
323,49,0.007699251174926758,0.27397894859313965,0.18732213973999023,326,0.46900033950805664
324,49,0.005921840667724609,0.225508451461792,0.16719532012939453,327,0.39862561225891113
325,49,0.006447315216064453,0.25083351135253906,0.1714951992034912,328,0.4287760257720947
326,49,0.006677865982055664,0.21714138984680176,0.1510910987854004,329,0.3749103546142578
327,49,0.008200407028198242,0.2751169204711914,0.2284688949584961,330,0.5117862224578857
328,49,0.006682395935058594,0.26416587829589844,0.1788477897644043,331,0.44969606399536133
329,49,0.009638309478759766,0.2646329402923584,0.18754220008850098,332,0.46181344985961914
330,49,0.008644342422485352,0.2364974021911621,0.16750597953796387,333,0.41264772415161133
331,49,0.007628917694091797,0.2549445629119873,0.18419170379638672,334,0.4467651844024658
332,49,0.009010076522827148,0.22529029846191406,0.15146946907043457,335,0.3857698440551758
333,49,0.0057523250579833984,0.25105857849121094,0.17832422256469727,336,0.4351351261138916
334,49,0.0061419010162353516,0.27313709259033203,0.17133212089538574,337,0.4506111145019531
335,49,0.011484861373901367,0.30266666412353516,0.20001530647277832,338,0.5141668319702148
336,49,0.006291389465332031,0.26271891593933105,0.17786574363708496,339,0.44687604904174805
337,49,0.009747982025146484,0.28124380111694336,0.193864107131958,340,0.48485589027404785
338,49,0.013790607452392578,0.21058964729309082,0.14885926246643066,341,0.37323951721191406
339,49,0.009045600891113281,0.2266702651977539,0.1597144603729248,342,0.395430326461792
340,49,0.004808902740478516,0.2993035316467285,0.20639395713806152,343,0.5105063915252686
341,49,0.009742498397827148,0.29823875427246094,0.17747282981872559,344,0.48545408248901367
342,49,0.0055255889892578125,0.24300932884216309,0.1709575653076172,345,0.4194924831390381
343,49,0.008212566375732422,0.2624509334564209,0.18358635902404785,346,0.45424985885620117
344,49,0.009319543838500977,0.2508881092071533,0.17501163482666016,347,0.43521928787231445
345,49,0.00912332534790039,0.24157404899597168,0.16902709007263184,348,0.4197244644165039
346,49,0.009284496307373047,0.2627410888671875,0.1866757869720459,349,0.45870137214660645
347,49,0.006837129592895508,0.24916529655456543,0.17802667617797852,350,0.43402910232543945
348,49,0.007361888885498047,0.25260305404663086,0.2199246883392334,351,0.4798896312713623
349,49,0.010052919387817383,0.27800917625427246,0.19263267517089844,352,0.4806947708129883
350,49,0.00812077522277832,0.28147172927856445,0.1924448013305664,353,0.4820373058319092
351,49,0.009795904159545898,0.2447800636291504,0.17653155326843262,354,0.4311075210571289
352,49,0.008881330490112305,0.3323228359222412,0.21963739395141602,355,0.5608415603637695
353,49,0.008826494216918945,0.21853017807006836,0.1475214958190918,356,0.3748781681060791
354,49,0.007566928863525391,0.2534041404724121,0.17647099494934082,357,0.4374420642852783
355,49,0.007410526275634766,0.28379225730895996,0.17096352577209473,358,0.46216630935668945
356,49,0.007540225982666016,0.2018449306488037,0.14281153678894043,359,0.35219669342041016
357,49,0.010931253433227539,0.2799861431121826,0.19598054885864258,360,0.48689794540405273
358,49,0.009319067001342773,0.21435117721557617,0.1477339267730713,361,0.37140417098999023
359,49,0.006587505340576172,0.22262215614318848,0.15323233604431152,362,0.38244199752807617
360,49,0.011001825332641602,0.2290651798248291,0.16191482543945312,363,0.40198183059692383
361,49,0.005980014801025391,0.20572924613952637,0.14277887344360352,364,0.3544881343841553
362,49,0.0099945068359375,0.33498692512512207,0.20131301879882812,365,0.5462944507598877
363,49,0.006772756576538086,0.2651195526123047,0.1751265525817871,366,0.4470188617706299
364,49,0.0062525272369384766,0.22669553756713867,0.1558854579925537,367,0.38883352279663086
365,49,0.006400346755981445,0.2378544807434082,0.17355990409851074,368,0.4178147315979004
366,49,0.007552385330200195,0.3296830654144287,0.2214970588684082,369,0.5587325096130371
367,49,0.0077054500579833984,0.27291035652160645,0.18317317962646484,370,0.4637889862060547
368,49,0.006681680679321289,0.2518746852874756,0.1671442985534668,371,0.42570066452026367
369,49,0.006874799728393555,0.28147268295288086,0.23003292083740234,372,0.5183804035186768
370,49,0.006809234619140625,0.2033836841583252,0.14181756973266602,373,0.35201048851013184
371,49,0.00795292854309082,0.2692751884460449,0.1933729648590088,374,0.47060108184814453
372,49,0.006793022155761719,0.2310020923614502,0.16415810585021973,375,0.40195322036743164
373,49,0.0060498714447021484,0.2300248146057129,0.1537036895751953,376,0.38977837562561035
374,49,0.0060389041900634766,0.26226806640625,0.1910696029663086,377,0.45937657356262207
375,49,0.007638692855834961,0.2117772102355957,0.15053629875183105,378,0.3699522018432617
376,49,0.0081939697265625,0.29582691192626953,0.17672967910766602,379,0.48075056076049805
377,49,0.006014823913574219,0.2514495849609375,0.18198871612548828,380,0.439453125
378,49,0.0077784061431884766,0.3234844207763672,0.21223115921020508,381,0.5434939861297607
379,49,0.009140968322753906,0.2833280563354492,0.1942288875579834,382,0.4866979122161865
380,49,0.0055501461029052734,0.2598247528076172,0.17528867721557617,383,0.44066357612609863
381,49,0.005181074142456055,0.25867652893066406,0.17968392372131348,384,0.4435415267944336
382,49,0.00775909423828125,0.28169965744018555,0.19319605827331543,385,0.4826548099517822
383,49,0.009734392166137695,0.3127319812774658,0.1839752197265625,386,0.506441593170166
384,49,0.006173610687255859,0.2596766948699951,0.17546796798706055,387,0.4413182735443115
385,49,0.008479833602905273,0.260239839553833,0.1725635528564453,388,0.4412832260131836
386,49,0.006371259689331055,0.2707047462463379,0.18849468231201172,389,0.46557068824768066
387,49,0.009081363677978516,0.25737571716308594,0.18100857734680176,390,0.4474656581878662
388,49,0.010239839553833008,0.27804994583129883,0.19034862518310547,391,0.4786384105682373
389,49,0.006460428237915039,0.259563684463501,0.18401718139648438,392,0.4500412940979004
390,49,0.0069010257720947266,0.25089025497436523,0.2252960205078125,393,0.48308730125427246
391,49,0.007349729537963867,0.2594597339630127,0.17684340476989746,394,0.443652868270874
392,49,0.00895547866821289,0.230393648147583,0.15575790405273438,395,0.3951070308685303
393,49,0.008016347885131836,0.2830359935760498,0.19537711143493652,396,0.48642945289611816
394,49,0.0065991878509521484,0.2866945266723633,0.20414257049560547,397,0.4974362850189209
395,49,0.00927877426147461,0.24686431884765625,0.17346501350402832,398,0.4296081066131592
396,49,0.00798654556274414,0.20986652374267578,0.1416187286376953,399,0.35947179794311523
397,49,0.00986623764038086,0.3172643184661865,0.1942915916442871,400,0.5214221477508545
398,49,0.010440349578857422,0.2634146213531494,0.17245030403137207,401,0.4463052749633789
399,49,0.006543159484863281,0.2232348918914795,0.15807342529296875,402,0.3878514766693115
400,49,0.007390022277832031,0.27968740463256836,0.18540644645690918,403,0.47248387336730957
401,49,0.006906986236572266,0.259843111038208,0.18211746215820312,404,0.4488675594329834
402,49,0.007548809051513672,0.2306230068206787,0.1567373275756836,405,0.394909143447876
403,49,0.006230831146240234,0.2542996406555176,0.17803096771240234,406,0.43856143951416016
404,49,0.009939908981323242,0.31848907470703125,0.19771504402160645,407,0.5261440277099609
405,49,0.013035297393798828,0.24988794326782227,0.18408751487731934,408,0.44701075553894043
406,49,0.011528253555297852,0.23673152923583984,0.1565256118774414,409,0.4047853946685791
407,49,0.007899284362792969,0.26432132720947266,0.18047785758972168,410,0.4526984691619873
408,49,0.008282661437988281,0.318558931350708,0.21597838401794434,411,0.5428199768066406
409,49,0.01046895980834961,0.28249096870422363,0.19697856903076172,412,0.48993849754333496
410,49,0.009282112121582031,0.24213838577270508,0.1691427230834961,413,0.4205632209777832
411,49,0.009603261947631836,0.26184916496276855,0.23424196243286133,414,0.5056943893432617
412,49,0.00507044792175293,0.2503676414489746,0.1750648021697998,415,0.43050289154052734
413,49,0.01038670539855957,0.2543656826019287,0.1744544506072998,416,0.4392068386077881
414,49,0.010130882263183594,0.3022942543029785,0.2047719955444336,417,0.5171971321105957
415,49,0.0070569515228271484,0.2451465129852295,0.17316555976867676,418,0.4253690242767334
416,49,0.008028507232666016,0.28400444984436035,0.19252824783325195,419,0.4845612049102783
417,49,0.007076263427734375,0.255918025970459,0.1785144805908203,420,0.44150876998901367
418,49,0.00709843635559082,0.31931185722351074,0.19255876541137695,421,0.5189690589904785
419,49,0.010798454284667969,0.2987191677093506,0.19900274276733398,422,0.5085203647613525
420,49,0.009861946105957031,0.2550692558288574,0.1755845546722412,423,0.44051575660705566
421,49,0.006649017333984375,0.286787748336792,0.19074058532714844,424,0.4841773509979248
422,49,0.010930776596069336,0.3308446407318115,0.22076034545898438,425,0.5625357627868652
423,49,0.010253429412841797,0.3359262943267822,0.19667315483093262,426,0.5428528785705566
424,49,0.008383512496948242,0.2885417938232422,0.19686388969421387,427,0.4937891960144043
425,49,0.008297920227050781,0.32483696937561035,0.21859288215637207,428,0.5517277717590332
426,49,0.008452415466308594,0.24126791954040527,0.1604747772216797,429,0.41019511222839355
427,49,0.006221771240234375,0.28795933723449707,0.19811463356018066,430,0.4922957420349121
428,49,0.008095026016235352,0.24864840507507324,0.17050600051879883,431,0.4272494316101074
429,49,0.006134986877441406,0.34121084213256836,0.22982120513916016,432,0.5771670341491699
430,49,0.008409976959228516,0.3655662536621094,0.20945453643798828,433,0.5834307670593262
431,49,0.0063703060150146484,0.24085474014282227,0.17261409759521484,434,0.41983914375305176
432,49,0.006728172302246094,0.24262666702270508,0.16890406608581543,435,0.4182589054107666
433,49,0.0056302547454833984,0.3259713649749756,0.21660351753234863,436,0.5482051372528076
434,49,0.010600090026855469,0.281008243560791,0.1908864974975586,437,0.4824948310852051
435,49,0.007038116455078125,0.28386712074279785,0.19676494598388672,438,0.4876701831817627
436,49,0.007808208465576172,0.2773733139038086,0.1901402473449707,439,0.47532176971435547
437,49,0.007449626922607422,0.3259603977203369,0.19317030906677246,440,0.5265803337097168
438,49,0.006844282150268555,0.2979416847229004,0.21645450592041016,441,0.5212404727935791
439,49,0.01040959358215332,0.3219778537750244,0.2209322452545166,442,0.5533196926116943
440,49,0.006421089172363281,0.3003871440887451,0.20844721794128418,443,0.5152554512023926
441,49,0.007127046585083008,0.30254554748535156,0.2066640853881836,444,0.5163366794586182
442,49,0.013181686401367188,0.2156047821044922,0.15357398986816406,445,0.38236045837402344
443,49,0.01035308837890625,0.39031100273132324,0.22138762474060059,446,0.6220517158508301
444,49,0.010332107543945312,0.3208625316619873,0.1833493709564209,447,0.5145440101623535
445,49,0.007725715637207031,0.23642492294311523,0.16523385047912598,448,0.40938448905944824
446,49,0.007149696350097656,0.3185141086578369,0.2156965732574463,449,0.5413603782653809
447,49,0.009259700775146484,0.26192235946655273,0.18657541275024414,450,0.45775747299194336
448,49,0.010041475296020508,0.24332332611083984,0.1735696792602539,451,0.42693448066711426
449,49,0.009346246719360352,0.26398634910583496,0.18526220321655273,452,0.45859479904174805
450,49,0.0076062679290771484,0.2588469982147217,0.1838245391845703,453,0.45027780532836914
451,49,0.008111715316772461,0.31929826736450195,0.1795816421508789,454,0.5069916248321533
452,49,0.01128387451171875,0.21477031707763672,0.14956307411193848,455,0.37561726570129395
453,49,0.008168458938598633,0.3380858898162842,0.22910308837890625,456,0.5753574371337891
454,49,0.008043289184570312,0.2833681106567383,0.19364523887634277,457,0.48505663871765137
455,49,0.008753299713134766,0.2656517028808594,0.18250727653503418,458,0.4569122791290283
456,49,0.006437063217163086,0.29521799087524414,0.20931339263916016,459,0.5109684467315674
457,49,0.006594419479370117,0.21987080574035645,0.15288472175598145,460,0.379349946975708
458,49,0.006200551986694336,0.28659820556640625,0.16213488578796387,461,0.45493364334106445
459,49,0.010967254638671875,0.2690114974975586,0.18763971328735352,462,0.467618465423584
460,49,0.007037162780761719,0.2655313014984131,0.1804490089416504,463,0.4530174732208252
461,49,0.00673985481262207,0.24341893196105957,0.1656477451324463,464,0.41580653190612793
462,49,0.006642818450927734,0.27302026748657227,0.18918466567993164,465,0.46884775161743164
463,49,0.011957168579101562,0.289736270904541,0.19083905220031738,466,0.49253249168395996
464,49,0.007189512252807617,0.24809956550598145,0.1821897029876709,467,0.43747878074645996
465,49,0.007634162902832031,0.30782580375671387,0.17557907104492188,468,0.4910390377044678
466,49,0.007842302322387695,0.28399205207824707,0.19236159324645996,469,0.4841959476470947
467,49,0.010853290557861328,0.2943003177642822,0.20702624320983887,470,0.5121798515319824
468,49,0.00786280632019043,0.25567126274108887,0.17630553245544434,471,0.43983960151672363
469,49,0.007300615310668945,0.27330994606018066,0.1993541717529297,472,0.4799647331237793
470,49,0.006266117095947266,0.2790045738220215,0.19161057472229004,473,0.4768812656402588
471,49,0.006893634796142578,0.26819658279418945,0.1731257438659668,474,0.44821596145629883
472,49,0.008656024932861328,0.3207998275756836,0.19219493865966797,475,0.5216507911682129
473,49,0.00632166862487793,0.3000764846801758,0.20528101921081543,476,0.5116791725158691
474,49,0.00917196273803711,0.24953675270080566,0.1759033203125,477,0.4346120357513428
475,49,0.01246190071105957,0.2721583843231201,0.19132280349731445,478,0.47594308853149414
476,49,0.006722927093505859,0.25115466117858887,0.17453813552856445,479,0.4324157238006592
477,49,0.011724472045898438,0.2548801898956299,0.1861121654510498,480,0.4527168273925781
478,49,0.008144140243530273,0.34022974967956543,0.2269132137298584,481,0.5752871036529541
479,49,0.011152029037475586,0.30032801628112793,0.17263221740722656,482,0.4841122627258301
480,49,0.006931781768798828,0.2536163330078125,0.17461466789245605,483,0.4351627826690674
481,49,0.0077266693115234375,0.3155522346496582,0.21541190147399902,484,0.5386908054351807
482,49,0.0071258544921875,0.32413601875305176,0.22395992279052734,485,0.5552217960357666
483,49,0.010901927947998047,0.2609705924987793,0.1875009536743164,486,0.45937347412109375
484,49,0.010982990264892578,0.2312619686126709,0.1592540740966797,487,0.40149903297424316
485,49,0.010753631591796875,0.321260929107666,0.2208385467529297,488,0.5528531074523926
486,49,0.014944314956665039,0.2475450038909912,0.22314167022705078,489,0.48563098907470703
487,49,0.007265567779541016,0.3114743232727051,0.21401262283325195,490,0.532752513885498
488,49,0.010785579681396484,0.26969122886657715,0.18121933937072754,491,0.46169614791870117
489,49,0.008101463317871094,0.2799336910247803,0.19514036178588867,492,0.48317551612854004
490,49,0.007268667221069336,0.2987344264984131,0.20909643173217773,493,0.5150995254516602
491,49,0.008503913879394531,0.2877640724182129,0.18738794326782227,494,0.4836559295654297
492,49,0.012394428253173828,0.2847862243652344,0.1945037841796875,495,0.4916844367980957
493,49,0.00643610954284668,0.37054872512817383,0.21439766883850098,496,0.5913825035095215
494,49,0.007198810577392578,0.2571687698364258,0.19080400466918945,497,0.4551715850830078
495,49,0.01139521598815918,0.2727169990539551,0.18668079376220703,498,0.4707930088043213
496,49,0.006503105163574219,0.3724043369293213,0.24628853797912598,499,0.6251959800720215
497,49,0.009713888168334961,0.21895480155944824,0.14776992797851562,500,0.37643861770629883
498,49,0.008220672607421875,0.316770076751709,0.2082831859588623,501,0.5332739353179932
499,49,0.007603645324707031,0.2619974613189697,0.1838676929473877,502,0.45346879959106445
500,49,0.01053619384765625,0.3585855960845947,0.18228769302368164,503,0.5514094829559326
501,49,0.006623029708862305,0.2529029846191406,0.18192481994628906,504,0.441450834274292
502,49,0.009362459182739258,0.3031172752380371,0.2012338638305664,505,0.5137135982513428
503,49,0.012392520904541016,0.2814371585845947,0.19544219970703125,506,0.489271879196167
504,49,0.00800633430480957,0.3487682342529297,0.22999835014343262,507,0.5867729187011719
505,49,0.00636744499206543,0.2331087589263916,0.1659834384918213,508,0.4054596424102783
506,49,0.013142824172973633,0.3636152744293213,0.2346501350402832,509,0.6114082336425781
507,49,0.010844707489013672,0.30240702629089355,0.2800564765930176,510,0.5933082103729248
508,49,0.0085296630859375,0.3053748607635498,0.20711684226989746,511,0.5210213661193848
509,54,0.007898330688476562,0.27077245712280273,0.19248747825622559,512,0.4711582660675049
510,54,0.00761723518371582,0.27266407012939453,0.19006609916687012,513,0.47034740447998047
511,54,0.008226156234741211,0.30495738983154297,0.21145272254943848,514,0.5246362686157227
512,54,0.010068416595458984,0.366147518157959,0.24840879440307617,515,0.6246247291564941
513,54,0.006491422653198242,0.3026998043060303,0.28064465522766113,516,0.5898358821868896
514,54,0.007436990737915039,0.341841459274292,0.22896909713745117,517,0.5782475471496582
515,54,0.008423328399658203,0.3007478713989258,0.21887707710266113,518,0.5280482769012451
516,54,0.008960962295532227,0.2896420955657959,0.20655322074890137,519,0.5051562786102295
517,54,0.008330345153808594,0.2948291301727295,0.2147219181060791,520,0.5178813934326172
518,54,0.006578922271728516,0.2873196601867676,0.19316864013671875,521,0.48706722259521484
519,54,0.006373405456542969,0.24677634239196777,0.17163324356079102,522,0.42478299140930176
520,54,0.011057376861572266,0.34308409690856934,0.19971323013305664,523,0.5538547039031982
521,54,0.007787942886352539,0.3182945251464844,0.2229769229888916,524,0.5490593910217285
522,54,0.008919239044189453,0.3199141025543213,0.21684527397155762,525,0.5456786155700684
523,54,0.008660078048706055,0.2842707633972168,0.19544005393981934,526,0.4883708953857422
524,54,0.012287616729736328,0.3096740245819092,0.21806025505065918,527,0.5400218963623047
525,54,0.008161544799804688,0.34901976585388184,0.24357986450195312,528,0.6007611751556396
526,54,0.011688947677612305,0.33682918548583984,0.1982121467590332,529,0.5467302799224854
527,54,0.011167764663696289,0.3203263282775879,0.21722769737243652,530,0.5487217903137207
528,54,0.01096653938293457,0.34737730026245117,0.23189830780029297,531,0.5902421474456787
529,54,0.011122941970825195,0.2660484313964844,0.18724370002746582,532,0.4644150733947754
530,54,0.007532835006713867,0.35462331771850586,0.2497389316558838,533,0.6118950843811035
531,54,0.009089231491088867,0.315840482711792,0.21549034118652344,534,0.5404200553894043
532,54,0.007428884506225586,0.3995547294616699,0.2455143928527832,535,0.6524980068206787
533,54,0.008057832717895508,0.36377620697021484,0.24879908561706543,536,0.6206331253051758
534,54,0.010797977447509766,0.31903624534606934,0.22953295707702637,537,0.5593671798706055
535,54,0.01194310188293457,0.2993752956390381,0.21518778800964355,538,0.5265061855316162
536,54,0.01089334487915039,0.32324862480163574,0.23069095611572266,539,0.5648329257965088
537,54,0.007065296173095703,0.2830545902252197,0.19876933097839355,540,0.488889217376709
538,54,0.006355762481689453,0.32483792304992676,0.23176240921020508,541,0.5629560947418213
539,54,0.009089231491088867,0.35153818130493164,0.20898699760437012,542,0.5696144104003906
540,54,0.009556293487548828,0.29189562797546387,0.19766449928283691,543,0.4991164207458496
541,54,0.008881330490112305,0.3663978576660156,0.24827241897583008,544,0.623551607131958
542,54,0.007909297943115234,0.2871532440185547,0.16898393630981445,545,0.4640464782714844
543,54,0.011911869049072266,0.33646297454833984,0.23836565017700195,546,0.5867404937744141
544,54,0.009308338165283203,0.27184152603149414,0.18693184852600098,547,0.4680817127227783
545,54,0.007352113723754883,0.3865816593170166,0.21232914924621582,548,0.6062629222869873
546,54,0.007172107696533203,0.3023231029510498,0.20691418647766113,549,0.5164093971252441
547,54,0.013611316680908203,0.35323524475097656,0.2421860694885254,550,0.6090326309204102
548,54,0.007474422454833984,0.3129117488861084,0.21646690368652344,551,0.5368530750274658
549,54,0.008418560028076172,0.29773521423339844,0.20211577415466309,552,0.5082695484161377
550,54,0.009366273880004883,0.3315908908843994,0.22797846794128418,553,0.5689356327056885
551,54,0.00807499885559082,0.3535737991333008,0.201188325881958,554,0.5628371238708496
552,54,0.00887918472290039,0.3074378967285156,0.21224427223205566,555,0.5285613536834717
553,54,0.0072367191314697266,0.3380739688873291,0.23846054077148438,556,0.5837712287902832
554,54,0.010272979736328125,0.2809288501739502,0.20013189315795898,557,0.4913337230682373
555,54,0.008442163467407227,0.33019042015075684,0.2310807704925537,558,0.5697133541107178
556,54,0.008566617965698242,0.3145289421081543,0.22312211990356445,559,0.546217679977417
557,54,0.008702278137207031,0.33713364601135254,0.2211923599243164,560,0.567028284072876
558,54,0.006913423538208008,0.38389015197753906,0.3327610492706299,561,0.723564624786377
559,54,0.011624813079833984,0.3931896686553955,0.2673299312591553,562,0.6721444129943848
560,54,0.01095438003540039,0.3014340400695801,0.21634483337402344,563,0.5287332534790039
561,54,0.008631229400634766,0.3381381034851074,0.22721552848815918,564,0.5739848613739014
562,54,0.008899211883544922,0.35038304328918457,0.23508882522583008,565,0.5943710803985596
563,54,0.007750272750854492,0.353762149810791,0.24257397651672363,566,0.6040863990783691
564,54,0.011641263961791992,0.3602585792541504,0.30332469940185547,567,0.6752245426177979
565,54,0.011498451232910156,0.2885124683380127,0.1875004768371582,568,0.48751139640808105
566,54,0.006614208221435547,0.28733181953430176,0.19611263275146484,569,0.49005866050720215
567,54,0.007459878921508789,0.38147926330566406,0.2586781978607178,570,0.6476173400878906
568,54,0.008804082870483398,0.3982508182525635,0.2708134651184082,571,0.6778683662414551
569,54,0.012007951736450195,0.36911964416503906,0.24478578567504883,572,0.6259133815765381
570,54,0.013228893280029297,0.3668200969696045,0.30421948432922363,573,0.6842684745788574
571,54,0.008722543716430664,0.3381834030151367,0.2252814769744873,574,0.5721874237060547
572,54,0.008281230926513672,0.3704197406768799,0.24569368362426758,575,0.6243946552276611
573,54,0.012339353561401367,0.32295918464660645,0.2136373519897461,576,0.5489358901977539
574,54,0.007472515106201172,0.3892555236816406,0.2629210948944092,577,0.659649133682251
575,54,0.008518218994140625,0.33179211616516113,0.23514962196350098,578,0.5754599571228027
576,54,0.0118408203125,0.3439216613769531,0.23120713233947754,579,0.5869696140289307
577,54,0.01079702377319336,0.4432828426361084,0.258709192276001,580,0.7127890586853027
578,54,0.009529829025268555,0.28929996490478516,0.19603419303894043,581,0.49486398696899414
579,54,0.007491350173950195,0.4127938747406006,0.26706767082214355,582,0.6873528957366943
580,54,0.01012110710144043,0.3143794536590576,0.22452807426452637,583,0.5490286350250244
581,54,0.012374639511108398,0.30437588691711426,0.21053099632263184,584,0.5272815227508545
582,54,0.013567209243774414,0.3359498977661133,0.23177433013916016,585,0.5812914371490479
583,54,0.010916471481323242,0.4115917682647705,0.2404482364654541,586,0.6629564762115479
584,54,0.010750532150268555,0.33673691749572754,0.23494315147399902,587,0.5824306011199951
585,54,0.011306047439575195,0.3494901657104492,0.23822522163391113,588,0.5990214347839355
586,54,0.012067317962646484,0.3695642948150635,0.2507748603820801,589,0.63240647315979
587,54,0.00774836540222168,0.3257296085357666,0.22391057014465332,590,0.5573885440826416
588,54,0.012944459915161133,0.2809944152832031,0.18905258178710938,591,0.48299145698547363
589,54,0.0068013668060302734,0.411038875579834,0.21171355247497559,592,0.6295537948608398
590,54,0.007405519485473633,0.346454381942749,0.222808837890625,593,0.5766687393188477
591,54,0.01080942153930664,0.3607313632965088,0.24372363090515137,594,0.6152644157409668
592,54,0.009415864944458008,0.39952659606933594,0.26491260528564453,595,0.6738550662994385
593,54,0.008106708526611328,0.3697195053100586,0.24350857734680176,596,0.6213347911834717
594,54,0.007133007049560547,0.37981176376342773,0.25168609619140625,597,0.6386308670043945
595,54,0.008131027221679688,0.3065617084503174,0.20344305038452148,598,0.5181357860565186
596,54,0.009377479553222656,0.3135340213775635,0.16550636291503906,599,0.4884178638458252
597,54,0.007503986358642578,0.26557350158691406,0.18224477767944336,600,0.455322265625
598,54,0.009721517562866211,0.4424571990966797,0.31232714653015137,601,0.7645058631896973
599,54,0.008537769317626953,0.2935762405395508,0.1958913803100586,602,0.49800539016723633
600,54,0.007909774780273438,0.3144700527191162,0.21915102005004883,603,0.5415308475494385
601,54,0.010863542556762695,0.3062901496887207,0.21691036224365234,604,0.5340640544891357
602,54,0.008295536041259766,0.33797693252563477,0.19879770278930664,605,0.5450701713562012
603,54,0.010528326034545898,0.369734525680542,0.2486436367034912,606,0.6289064884185791
604,54,0.010434865951538086,0.30415940284729004,0.20411133766174316,607,0.5187056064605713
605,54,0.01336359977722168,0.3404817581176758,0.23272156715393066,608,0.5865669250488281
606,54,0.008726119995117188,0.2942492961883545,0.20127153396606445,609,0.5042469501495361
607,54,0.0125732421875,0.36166834831237793,0.23964571952819824,610,0.6138873100280762
608,54,0.008766651153564453,0.3553659915924072,0.20270419120788574,611,0.5668368339538574
609,54,0.008569717407226562,0.3179352283477783,0.21240997314453125,612,0.5389149188995361
610,54,0.01211857795715332,0.32208943367004395,0.22141122817993164,613,0.5556192398071289
611,54,0.008236169815063477,0.3528635501861572,0.2378525733947754,614,0.5989522933959961
612,54,0.00962972640991211,0.3018336296081543,0.20726323127746582,615,0.5187265872955322
613,54,0.012216806411743164,0.29344654083251953,0.20240569114685059,616,0.5080690383911133
614,54,0.008771419525146484,0.3059840202331543,0.21563029289245605,617,0.5303857326507568
615,54,0.010196685791015625,0.27227258682250977,0.29308557510375977,618,0.5755548477172852
616,54,0.008754253387451172,0.3531374931335449,0.2411186695098877,619,0.6030104160308838
617,54,0.01175999641418457,0.3666102886199951,0.24592232704162598,620,0.6242926120758057
618,54,0.008184671401977539,0.39720749855041504,0.2582666873931885,621,0.663658857345581
619,54,0.00904083251953125,0.30919408798217773,0.2112424373626709,622,0.5294773578643799
620,54,0.008049964904785156,0.31095290184020996,0.20870184898376465,623,0.5277047157287598
621,54,0.00853872299194336,0.3952453136444092,0.32833409309387207,624,0.7321181297302246
622,54,0.008897781372070312,0.41114354133605957,0.2735590934753418,625,0.6936004161834717
623,54,0.009274482727050781,0.32303881645202637,0.2354896068572998,626,0.567802906036377
624,54,0.011529684066772461,0.3292531967163086,0.2279195785522461,627,0.5687024593353271
625,54,0.008903264999389648,0.33985114097595215,0.22577333450317383,628,0.5745277404785156
626,54,0.011964559555053711,0.3445611000061035,0.22356796264648438,629,0.5800936222076416
627,54,0.012847661972045898,0.3387186527252197,0.30083537101745605,630,0.6524016857147217
628,54,0.010724782943725586,0.3190114498138428,0.21581435203552246,631,0.5455505847930908
629,54,0.009698152542114258,0.36628055572509766,0.24439358711242676,632,0.6203722953796387
630,54,0.008974790573120117,0.3707566261291504,0.24918866157531738,633,0.6289200782775879
631,54,0.007483720779418945,0.3667571544647217,0.2411973476409912,634,0.6154382228851318
632,54,0.01350092887878418,0.391071081161499,0.25777316093444824,635,0.6623451709747314
633,54,0.009558677673339844,0.36321473121643066,0.2362833023071289,636,0.6090567111968994
634,54,0.007921695709228516,0.46396780014038086,0.2590169906616211,637,0.7309064865112305
635,54,0.010410308837890625,0.3873710632324219,0.25831103324890137,638,0.6560924053192139
636,54,0.009435653686523438,0.3261587619781494,0.22851943969726562,639,0.5641138553619385
637,54,0.009030580520629883,0.33321189880371094,0.2283341884613037,640,0.5705766677856445
638,54,0.013455629348754883,0.3762800693511963,0.2446918487548828,641,0.634427547454834
639,54,0.008095502853393555,0.3271491527557373,0.22763466835021973,642,0.5628793239593506
640,54,0.010477304458618164,0.3931856155395508,0.2239220142364502,643,0.6275849342346191
641,54,0.012008905410766602,0.3877735137939453,0.2752957344055176,644,0.6750781536102295
642,54,0.007607221603393555,0.3172175884246826,0.21291351318359375,645,0.5377383232116699
643,54,0.013205766677856445,0.36681318283081055,0.24944853782653809,646,0.6294674873352051
644,54,0.011912107467651367,0.3542187213897705,0.2426145076751709,647,0.6087453365325928
645,54,0.007623195648193359,0.36412858963012695,0.25423431396484375,648,0.6259860992431641
646,54,0.008121728897094727,0.3885040283203125,0.22630929946899414,649,0.6229350566864014
647,54,0.007169008255004883,0.41033124923706055,0.27655839920043945,650,0.6940586566925049
648,54,0.008986234664916992,0.3133718967437744,0.22215557098388672,651,0.5445137023925781
649,54,0.011888504028320312,0.3409433364868164,0.2302093505859375,652,0.5830411911010742
650,54,0.006218433380126953,0.32922816276550293,0.21379399299621582,653,0.5492405891418457
651,54,0.007666349411010742,0.3328428268432617,0.2244410514831543,654,0.5649502277374268
652,54,0.008280515670776367,0.3600785732269287,0.23033666610717773,655,0.5986957550048828
653,54,0.01598834991455078,0.4805927276611328,0.24747490882873535,656,0.744055986404419
654,54,0.008231163024902344,0.2936842441558838,0.20200729370117188,657,0.503922700881958
655,54,0.011705636978149414,0.33983278274536133,0.22971558570861816,658,0.5812540054321289
656,54,0.007517814636230469,0.3182547092437744,0.21552157402038574,659,0.5412940979003906
657,54,0.011318206787109375,0.3370778560638428,0.21922016143798828,660,0.5676162242889404
658,54,0.006504058837890625,0.3734781742095947,0.24702167510986328,661,0.6270039081573486
659,54,0.0071430206298828125,0.4627363681793213,0.2536160945892334,662,0.7234954833984375
660,54,0.007607936859130859,0.41223645210266113,0.2761242389678955,663,0.6959686279296875
661,54,0.007687568664550781,0.35990095138549805,0.23870277404785156,664,0.6062912940979004
662,54,0.0070307254791259766,0.34751248359680176,0.23398590087890625,665,0.588529109954834
663,54,0.007707118988037109,0.3901970386505127,0.2641925811767578,666,0.6620967388153076
664,54,0.008201360702514648,0.33316802978515625,0.21471309661865234,667,0.5560824871063232
665,54,0.006819486618041992,0.3131682872772217,0.2148134708404541,668,0.5348012447357178
666,54,0.07738018035888672,0.31783175468444824,0.2110595703125,669,0.606271505355835
667,54,0.006571531295776367,0.33353471755981445,0.22418975830078125,670,0.5642960071563721
668,54,0.0070798397064208984,0.38568735122680664,0.26494932174682617,671,0.6577165126800537
669,54,0.00788569450378418,0.297168493270874,0.2076714038848877,672,0.5127255916595459
670,54,0.008527994155883789,0.31072330474853516,0.20431971549987793,673,0.5235710144042969
671,54,0.009345054626464844,0.34884190559387207,0.2285459041595459,674,0.5867328643798828
672,54,0.006592273712158203,0.3312199115753174,0.27515697479248047,675,0.612969160079956
673,54,0.007988452911376953,0.3861653804779053,0.26018404960632324,676,0.6543378829956055
674,54,0.008518218994140625,0.3814234733581543,0.2465956211090088,677,0.6365373134613037
675,54,0.006731510162353516,0.2936978340148926,0.20213961601257324,678,0.5025689601898193
676,54,0.007105112075805664,0.3018805980682373,0.20769047737121582,679,0.5166761875152588
677,54,0.006441593170166016,0.3089759349822998,0.2134556770324707,680,0.5288732051849365
678,54,0.006574392318725586,0.3327901363372803,0.3113586902618408,681,0.6507232189178467
679,54,0.007999658584594727,0.29384613037109375,0.20385432243347168,682,0.5057001113891602
680,54,0.006392002105712891,0.2810852527618408,0.18925857543945312,683,0.47673583030700684
681,54,0.0077893733978271484,0.344653844833374,0.23021388053894043,684,0.5826570987701416
682,54,0.012229204177856445,0.41481733322143555,0.27554965019226074,685,0.7025961875915527
683,54,0.011347770690917969,0.3294250965118408,0.24360966682434082,686,0.5843825340270996
684,54,0.007242441177368164,0.4524085521697998,0.22748637199401855,687,0.6871373653411865
685,54,0.007201194763183594,0.3822009563446045,0.2443537712097168,688,0.6337559223175049
686,54,0.00758671760559082,0.31005120277404785,0.19976377487182617,689,0.5174016952514648
687,54,0.0075893402099609375,0.3206632137298584,0.21913647651672363,690,0.547389030456543
688,54,0.00754547119140625,0.3217029571533203,0.212294340133667,691,0.5415427684783936
689,54,0.007246255874633789,0.3109278678894043,0.20877647399902344,692,0.5269505977630615
690,54,0.007044315338134766,0.3262627124786377,0.2217874526977539,693,0.5550944805145264
691,54,0.008851766586303711,0.31351661682128906,0.28059983253479004,694,0.6029682159423828
692,54,0.01144266128540039,0.3304312229156494,0.22328805923461914,695,0.565161943435669
693,54,0.008678913116455078,0.3670530319213867,0.241163969039917,696,0.6168959140777588
694,54,0.006638765335083008,0.3650944232940674,0.25177478790283203,697,0.6235079765319824
695,54,0.0091552734375,0.3241448402404785,0.2188720703125,698,0.5521721839904785
696,54,0.006819963455200195,0.3533453941345215,0.23669695854187012,699,0.5968623161315918
697,54,0.008491039276123047,0.3720386028289795,0.32071805000305176,700,0.7012476921081543
698,54,0.012611627578735352,0.40896081924438477,0.2706727981567383,701,0.6922452449798584
699,54,0.00825810432434082,0.30957484245300293,0.2129347324371338,702,0.5307676792144775
700,54,0.008530855178833008,0.3633577823638916,0.24350881576538086,703,0.6153974533081055
701,54,0.011262178421020508,0.43729686737060547,0.29212212562561035,704,0.7406811714172363
702,54,0.011366128921508789,0.4108421802520752,0.27640295028686523,705,0.6986112594604492
703,54,0.008709192276000977,0.3641939163208008,0.3076744079589844,706,0.6805775165557861
704,54,0.00724029541015625,0.3805222511291504,0.25488948822021484,707,0.6426520347595215
705,54,0.008594751358032227,0.34793829917907715,0.23791289329528809,708,0.5944459438323975
706,54,0.009345293045043945,0.35219860076904297,0.23554778099060059,709,0.5970916748046875
707,54,0.0071642398834228516,0.2802145481109619,0.19314217567443848,710,0.48052096366882324
708,54,0.0080718994140625,0.34533047676086426,0.2270967960357666,711,0.5804991722106934
709,54,0.008889198303222656,0.3811676502227783,0.2603623867034912,712,0.6504192352294922
710,54,0.011816978454589844,0.47393298149108887,0.2459113597869873,713,0.731661319732666
711,54,0.007549762725830078,0.33252573013305664,0.22675275802612305,714,0.5668282508850098
712,54,0.0076923370361328125,0.3238496780395508,0.22199678421020508,715,0.5535387992858887
713,54,0.007401466369628906,0.3972630500793457,0.2686004638671875,716,0.6732649803161621
714,54,0.011426448822021484,0.3028864860534668,0.2083876132965088,717,0.5227005481719971
715,54,0.006854534149169922,0.3793957233428955,0.25328612327575684,718,0.6395363807678223
716,54,0.007575035095214844,0.412761926651001,0.23093199729919434,719,0.6512689590454102
717,54,0.011913061141967773,0.39728784561157227,0.27181148529052734,720,0.6810123920440674
718,54,0.011292457580566406,0.39113569259643555,0.25608277320861816,721,0.6585109233856201
719,54,0.012454032897949219,0.3202395439147949,0.2209320068359375,722,0.5536255836486816
720,54,0.011492490768432617,0.3668782711029053,0.24991083145141602,723,0.6282815933227539
721,54,0.007964611053466797,0.3341856002807617,0.22890448570251465,724,0.5710546970367432
722,54,0.007954120635986328,0.38842129707336426,0.21865296363830566,725,0.6150283813476562
723,54,0.008114099502563477,0.3298163414001465,0.23167705535888672,726,0.5696074962615967
724,54,0.007183551788330078,0.35228466987609863,0.2389085292816162,727,0.5983767509460449
725,54,0.008009910583496094,0.31279969215393066,0.21105694770812988,728,0.5318665504455566
726,54,0.008872270584106445,0.3664834499359131,0.24813413619995117,729,0.6234898567199707
727,54,0.007380008697509766,0.34496164321899414,0.2445507049560547,730,0.5968923568725586
728,54,0.012739896774291992,0.3353919982910156,0.22469258308410645,731,0.5728244781494141
729,54,0.007677555084228516,0.416384220123291,0.2368624210357666,732,0.6609241962432861
730,54,0.008073091506958008,0.3684427738189697,0.2532041072845459,733,0.6297199726104736
731,54,0.008282184600830078,0.29383301734924316,0.20025181770324707,734,0.5023670196533203
732,54,0.008132457733154297,0.3386971950531006,0.22664880752563477,735,0.5734784603118896
733,54,0.008796215057373047,0.30694580078125,0.22446966171264648,736,0.5402116775512695
734,54,0.006862640380859375,0.29562830924987793,0.1990797519683838,737,0.5015707015991211
735,54,0.010664701461791992,0.4281013011932373,0.2344343662261963,738,0.6732003688812256
736,54,0.013356924057006836,0.35603833198547363,0.2307417392730713,739,0.6001369953155518
737,54,0.014121770858764648,0.3533642292022705,0.24516582489013672,740,0.6126518249511719
738,54,0.008598566055297852,0.37267279624938965,0.24435734748840332,741,0.6256287097930908
739,54,0.007917165756225586,0.3319060802459717,0.22218656539916992,742,0.5620098114013672
740,54,0.006827354431152344,0.35554027557373047,0.2463240623474121,743,0.6086916923522949
741,54,0.008501052856445312,0.37592124938964844,0.2498466968536377,744,0.6342689990997314
742,54,0.00914454460144043,0.4326937198638916,0.24381065368652344,745,0.6856489181518555
743,54,0.009392261505126953,0.2898869514465332,0.19785332679748535,746,0.4971325397491455
744,54,0.006805419921875,0.39085888862609863,0.26464033126831055,747,0.6623046398162842
745,54,0.01317143440246582,0.3593776226043701,0.23991155624389648,748,0.6124606132507324
746,54,0.012604236602783203,0.3493227958679199,0.22797274589538574,749,0.5898997783660889
747,54,0.007153749465942383,0.36019062995910645,0.23909664154052734,750,0.6064410209655762
748,54,0.013853073120117188,0.30750560760498047,0.28444385528564453,751,0.6058025360107422
749,54,0.0067310333251953125,0.47137975692749023,0.31643223762512207,752,0.7945430278778076
750,54,0.013295888900756836,0.3693840503692627,0.2508361339569092,753,0.6335160732269287
751,54,0.008747100830078125,0.4344034194946289,0.28578734397888184,754,0.7289378643035889
752,54,0.012470722198486328,0.3468296527862549,0.22955846786499023,755,0.5888588428497314
753,54,0.01214146614074707,0.3501269817352295,0.23653316497802734,756,0.5988016128540039
754,54,0.010938167572021484,0.31567883491516113,0.2850205898284912,757,0.6116375923156738
755,54,0.008412837982177734,0.37296223640441895,0.2526712417602539,758,0.6340463161468506
756,54,0.008792877197265625,0.43586254119873047,0.2981712818145752,759,0.7428267002105713
757,54,0.008391380310058594,0.33286213874816895,0.23042535781860352,760,0.571678876876831
758,54,0.0096282958984375,0.31209707260131836,0.20295238494873047,761,0.5246777534484863
759,54,0.007158994674682617,0.4105355739593506,0.27605104446411133,762,0.6937456130981445
760,54,0.009533405303955078,0.3784012794494629,0.2448732852935791,763,0.6328079700469971
761,54,0.014173269271850586,0.47751283645629883,0.2624387741088867,764,0.7541248798370361
762,54,0.007371187210083008,0.41936230659484863,0.27596378326416016,765,0.7026972770690918
763,54,0.00886678695678711,0.28652238845825195,0.20381617546081543,766,0.4992053508758545
764,54,0.007211208343505859,0.4146449565887451,0.2774815559387207,767,0.6993377208709717
765,54,0.012949228286743164,0.37077927589416504,0.2611234188079834,768,0.6448519229888916
766,54,0.01294565200805664,0.37996625900268555,0.24846887588500977,769,0.641380786895752
767,54,0.007279634475708008,0.4100379943847656,0.2298898696899414,770,0.647207498550415
768,54,0.013443946838378906,0.4266507625579834,0.2912311553955078,771,0.7313258647918701
769,54,0.012713432312011719,0.4397757053375244,0.28829288482666016,772,0.7407820224761963
770,54,0.007802486419677734,0.37081146240234375,0.24791741371154785,773,0.6265313625335693
771,54,0.012807130813598633,0.3807985782623291,0.25758814811706543,774,0.6511938571929932
772,54,0.007476806640625,0.39456963539123535,0.2570912837982178,775,0.6591377258300781
773,54,0.008051395416259766,0.3959999084472656,0.21270060539245605,776,0.6167519092559814
774,54,0.007289409637451172,0.39102721214294434,0.26613807678222656,777,0.6644546985626221
775,54,0.010487556457519531,0.36347293853759766,0.24442458152770996,778,0.6183850765228271
776,54,0.0069580078125,0.3442420959472656,0.23343777656555176,779,0.5846378803253174
777,54,0.008761882781982422,0.34486842155456543,0.22315073013305664,780,0.5767810344696045
778,54,0.007053852081298828,0.3559112548828125,0.24281930923461914,781,0.6057844161987305
779,54,0.008327722549438477,0.3943324089050293,0.2617189884185791,782,0.6643791198730469
780,54,0.006899356842041016,0.4301302433013916,0.23645234107971191,783,0.6734819412231445
781,54,0.008972406387329102,0.3773634433746338,0.251253604888916,784,0.6375894546508789
782,54,0.008497953414916992,0.4244093894958496,0.2778432369232178,785,0.7107505798339844
783,54,0.013023853302001953,0.36824917793273926,0.24704504013061523,786,0.6283180713653564
784,54,0.007075309753417969,0.36558961868286133,0.24448752403259277,787,0.6171524524688721
785,54,0.012328624725341797,0.3384134769439697,0.23301219940185547,788,0.583754301071167
786,54,0.008656024932861328,0.6120822429656982,0.30010175704956055,789,0.9208400249481201
787,54,0.010786771774291992,0.40301942825317383,0.27087855339050293,790,0.6846847534179688
788,54,0.00699615478515625,0.33807969093322754,0.230973482131958,791,0.5760493278503418
789,54,0.007349729537963867,0.4084780216217041,0.2677347660064697,792,0.6835625171661377
790,54,0.008451223373413086,0.3568751811981201,0.23874211311340332,793,0.6040685176849365
791,54,0.013831615447998047,0.3905789852142334,0.2550356388092041,794,0.6594462394714355
792,54,0.009615659713745117,0.42938756942749023,0.22649431228637695,795,0.6654975414276123
793,54,0.008573055267333984,0.3747978210449219,0.24629664421081543,796,0.6296675205230713
794,54,0.008267641067504883,0.4244043827056885,0.28772807121276855,797,0.7204000949859619
795,54,0.00923013687133789,0.39495015144348145,0.26346802711486816,798,0.6676483154296875
796,54,0.009493589401245117,0.45484066009521484,0.2979135513305664,799,0.7622478008270264
797,54,0.009923458099365234,0.4040346145629883,0.2751197814941406,800,0.6890778541564941
798,54,0.010193824768066406,0.39212727546691895,0.2684664726257324,801,0.6707875728607178
799,54,0.011998176574707031,0.4528467655181885,0.23977017402648926,802,0.7046151161193848
800,54,0.008646249771118164,0.439652681350708,0.29009461402893066,803,0.7383935451507568
801,54,0.012946128845214844,0.3533337116241455,0.22761082649230957,804,0.5938906669616699
802,54,0.00883030891418457,0.39342498779296875,0.26049375534057617,805,0.6627490520477295
803,54,0.012842178344726562,0.34344983100891113,0.2348933219909668,806,0.5911853313446045
804,54,0.011057615280151367,0.45301175117492676,0.3116416931152344,807,0.7757110595703125
805,54,0.01107645034790039,0.4443342685699463,0.24362874031066895,808,0.6990394592285156
806,54,0.012526512145996094,0.3292722702026367,0.22747206687927246,809,0.5692708492279053
807,54,0.009432077407836914,0.4158284664154053,0.2860264778137207,810,0.7112870216369629
808,54,0.01123666763305664,0.4527261257171631,0.3024256229400635,811,0.7663884162902832
809,54,0.011451959609985352,0.37825846672058105,0.249558687210083,812,0.6392691135406494
810,54,0.010223388671875,0.44696784019470215,0.29281115531921387,813,0.750002384185791
811,54,0.013163566589355469,0.5351648330688477,0.3005843162536621,814,0.8489127159118652
812,54,0.015031099319458008,0.3286733627319336,0.21872973442077637,815,0.562434196472168
813,54,0.014833450317382812,0.35598325729370117,0.23109030723571777,816,0.6019070148468018
814,54,0.008977413177490234,0.43213605880737305,0.29106760025024414,817,0.7321810722351074
815,54,0.014969348907470703,0.4129927158355713,0.27414631843566895,818,0.7021083831787109
816,54,0.012871503829956055,0.3954277038574219,0.2537105083465576,819,0.6620097160339355
817,54,0.00866389274597168,0.4151334762573242,0.27008795738220215,820,0.693885326385498
818,54,0.012812614440917969,0.4539802074432373,0.3825058937072754,821,0.8492987155914307
819,54,0.0102996826171875,0.3602728843688965,0.24732351303100586,822,0.6178960800170898
820,54,0.013382196426391602,0.39905238151550293,0.26341867446899414,823,0.6758532524108887
821,54,0.010219573974609375,0.4028925895690918,0.2757411003112793,824,0.6888532638549805
822,54,0.010759115219116211,0.4535362720489502,0.29836177825927734,825,0.7626571655273438
823,54,0.013036489486694336,0.3489952087402344,0.24164962768554688,826,0.6036813259124756
824,54,0.016695499420166016,0.3817577362060547,0.3377664089202881,827,0.7362196445465088
825,54,0.014527559280395508,0.337726354598999,0.2255415916442871,828,0.5777955055236816
826,54,0.01451420783996582,0.41092944145202637,0.2751634120941162,829,0.7006070613861084
827,54,0.00944972038269043,0.3326585292816162,0.22489428520202637,830,0.567002534866333
828,54,0.008705377578735352,0.44567346572875977,0.2971928119659424,831,0.7515716552734375
829,54,0.01154017448425293,0.412337064743042,0.27652502059936523,832,0.7004022598266602
830,54,0.010653018951416016,0.3470907211303711,0.317610502243042,833,0.6753542423248291
831,54,0.015385627746582031,0.42800068855285645,0.28652119636535645,834,0.7299075126647949
832,54,0.014151573181152344,0.37748026847839355,0.2533867359161377,835,0.6450185775756836
833,54,0.008829355239868164,0.43695807456970215,0.29212021827697754,836,0.7379076480865479
834,54,0.008342742919921875,0.40764832496643066,0.27765703201293945,837,0.693648099899292
835,54,0.0111846923828125,0.41136717796325684,0.27600765228271484,838,0.6985595226287842
836,54,0.010333776473999023,0.4389374256134033,0.28626084327697754,839,0.7355320453643799
837,54,0.00813746452331543,0.5653226375579834,0.302628755569458,840,0.8760888576507568
838,54,0.01377558708190918,0.4338369369506836,0.28869056701660156,841,0.7363030910491943
839,54,0.010923624038696289,0.45168638229370117,0.29454469680786133,842,0.7571547031402588
840,54,0.014941692352294922,0.39949917793273926,0.26262712478637695,843,0.6770679950714111
841,54,0.013417482376098633,0.42525196075439453,0.27968692779541016,844,0.7183563709259033
842,54,0.014089822769165039,0.4934659004211426,0.3254845142364502,845,0.8330402374267578
843,54,0.01559901237487793,0.5443124771118164,0.2882668972015381,846,0.8481783866882324
844,54,0.014981269836425781,0.44876837730407715,0.29950475692749023,847,0.7632544040679932
845,54,0.014042854309082031,0.4604001045227051,0.3112680912017822,848,0.7857110500335693
846,54,0.013471364974975586,0.38956570625305176,0.26552271842956543,849,0.6685597896575928
847,54,0.011070728302001953,0.3722248077392578,0.2458043098449707,850,0.6290998458862305
848,54,0.009895563125610352,0.4576427936553955,0.30549073219299316,851,0.773029088973999
849,54,0.011404275894165039,0.5676732063293457,0.2799525260925293,852,0.85903000831604
850,54,0.009816884994506836,0.39110302925109863,0.26324987411499023,853,0.6641697883605957
851,54,0.013471841812133789,0.4186398983001709,0.27732038497924805,854,0.7094321250915527
852,54,0.009748220443725586,0.3736104965209961,0.24674487113952637,855,0.630103588104248
853,54,0.013254165649414062,0.40891051292419434,0.26801156997680664,856,0.690176248550415
854,54,0.014559268951416016,0.4250156879425049,0.28684353828430176,857,0.7264184951782227
855,54,0.012739896774291992,0.4760003089904785,0.313443660736084,858,0.8021838665008545
856,54,0.009746074676513672,0.46394944190979004,0.24863266944885254,859,0.7223281860351562
857,54,0.015569686889648438,0.4424288272857666,0.2932455539703369,860,0.751244068145752
858,54,0.01453089714050293,0.39081549644470215,0.26915597915649414,861,0.6745023727416992
859,54,0.010748863220214844,0.48674511909484863,0.3189239501953125,862,0.816417932510376
860,54,0.015416145324707031,0.3858170509338379,0.2476658821105957,863,0.6488990783691406
861,54,0.008302450180053711,0.3824784755706787,0.24627017974853516,864,0.6370511054992676
862,54,0.02182602882385254,0.4631478786468506,0.2527921199798584,865,0.7377660274505615
863,54,0.016298532485961914,0.42039990425109863,0.28051304817199707,866,0.7172114849090576
864,54,0.009212732315063477,0.43433046340942383,0.2892270088195801,867,0.7327702045440674
865,54,0.01736140251159668,0.4831211566925049,0.31359314918518066,868,0.8140757083892822
866,54,0.016495466232299805,0.41295957565307617,0.27169036865234375,869,0.7011454105377197
867,54,0.011412620544433594,0.41167402267456055,0.27362990379333496,870,0.6967165470123291
868,54,0.008434057235717773,0.5634007453918457,0.2949094772338867,871,0.8667442798614502
869,54,0.010598182678222656,0.3794667720794678,0.25243496894836426,872,0.6424999237060547
870,54,0.011566162109375,0.3892171382904053,0.25932741165161133,873,0.6601107120513916
871,54,0.011068344116210938,0.4085056781768799,0.2690467834472656,874,0.6886208057403564
872,54,0.009647607803344727,0.40186405181884766,0.2667868137359619,875,0.6782984733581543
873,54,0.016266822814941406,0.3644835948944092,0.2418651580810547,876,0.6226155757904053
874,54,0.016697406768798828,0.36017894744873047,0.24150753021240234,877,0.6183838844299316
875,54,0.010297775268554688,0.3184237480163574,0.3245983123779297,878,0.6533198356628418
876,54,0.01276254653930664,0.43906164169311523,0.27364134788513184,879,0.7254655361175537
877,54,0.009304285049438477,0.42117786407470703,0.29682445526123047,880,0.727306604385376
878,54,0.01632213592529297,0.41875290870666504,0.27363157272338867,881,0.7087066173553467
879,54,0.011480569839477539,0.47614336013793945,0.29291749000549316,882,0.7805414199829102
880,54,0.009466409683227539,0.4695160388946533,0.29943132400512695,883,0.7784137725830078
881,54,0.008518457412719727,0.3931560516357422,0.41196131706237793,884,0.8136358261108398
882,54,0.008701324462890625,0.4472169876098633,0.29399871826171875,885,0.7499170303344727
883,54,0.009063482284545898,0.41849851608276367,0.2826523780822754,886,0.710214376449585
884,54,0.008725643157958984,0.4292335510253906,0.2662501335144043,887,0.7042093276977539
885,54,0.010772228240966797,0.38692331314086914,0.25649404525756836,888,0.6541895866394043
886,54,0.008049964904785156,0.3992342948913574,0.24432897567749023,889,0.6516132354736328
887,54,0.00781559944152832,0.4580814838409424,0.25896692276000977,890,0.7248640060424805
888,54,0.010007381439208984,0.38692426681518555,0.26042771339416504,891,0.6573593616485596
889,54,0.013083934783935547,0.4278414249420166,0.2752552032470703,892,0.7161805629730225
890,54,0.018305540084838867,0.36446094512939453,0.24749374389648438,893,0.6302602291107178
891,54,0.008410215377807617,0.49907565116882324,0.3095986843109131,894,0.817084550857544
892,54,0.01012420654296875,0.34430718421936035,0.23182296752929688,895,0.586254358291626
893,54,0.010269641876220703,0.40330004692077637,0.2710089683532715,896,0.6845786571502686
894,54,0.011507272720336914,0.4340794086456299,0.20891046524047852,897,0.6544971466064453
895,54,0.015242338180541992,0.3768455982208252,0.2576160430908203,898,0.6497039794921875
896,54,0.011324167251586914,0.40610289573669434,0.2660350799560547,899,0.6834621429443359
897,54,0.008656024932861328,0.40567564964294434,0.26897144317626953,900,0.6833031177520752
898,54,0.009374618530273438,0.39197826385498047,0.2663404941558838,901,0.6676933765411377
899,54,0.01523900032043457,0.43785881996154785,0.2938976287841797,902,0.7469954490661621
900,54,0.012384653091430664,0.557481050491333,0.29462409019470215,903,0.8644897937774658
901,54,0.009532451629638672,0.3702201843261719,0.24469923973083496,904,0.6244518756866455
902,54,0.00935816764831543,0.37947511672973633,0.25415492057800293,905,0.6429882049560547
903,54,0.010990142822265625,0.4103968143463135,0.27350878715515137,906,0.6948957443237305
904,54,0.01551198959350586,0.3992645740509033,0.25950026512145996,907,0.6742768287658691
905,54,0.009589195251464844,0.43533849716186523,0.287883996963501,908,0.732811689376831
906,54,0.01427912712097168,0.5986402034759521,0.31419992446899414,909,0.927119255065918
907,54,0.014099836349487305,0.3345623016357422,0.22844457626342773,910,0.5771067142486572
908,54,0.009598970413208008,0.40997886657714844,0.28261685371398926,911,0.7021946907043457
909,54,0.009799003601074219,0.4445202350616455,0.2992980480194092,912,0.7536172866821289
910,54,0.008769512176513672,0.39647841453552246,0.2655351161956787,913,0.6707830429077148
911,54,0.01595449447631836,0.3840184211730957,0.24344229698181152,914,0.6434152126312256
912,54,0.010066986083984375,0.4324941635131836,0.28411030769348145,915,0.7266714572906494
913,54,0.015413522720336914,0.6548748016357422,0.3602724075317383,916,1.0305607318878174
914,54,0.022513628005981445,0.9367320537567139,0.6802136898040771,917,1.6394593715667725
915,54,0.014573812484741211,0.49265027046203613,0.31563758850097656,918,0.8228616714477539
916,54,0.016251325607299805,0.5762252807617188,0.3876457214355469,919,0.9801223278045654
917,54,0.011031150817871094,0.5193560123443604,0.35536646842956543,920,0.8857536315917969
918,54,0.008871078491210938,0.3973515033721924,0.27736520767211914,921,0.6835877895355225
919,54,0.009046554565429688,0.5875272750854492,0.31842660903930664,922,0.9150004386901855
920,54,0.010647058486938477,0.4235208034515381,0.2711310386657715,923,0.705298900604248
921,54,0.011627674102783203,0.4429504871368408,0.2978355884552002,924,0.7524137496948242
922,54,0.009903430938720703,0.4529130458831787,0.30529117584228516,925,0.7681076526641846
923,54,0.009441852569580078,0.5023057460784912,0.32936596870422363,926,0.8411135673522949
924,54,0.013684988021850586,0.4204871654510498,0.2717266082763672,927,0.7058987617492676
925,54,0.00926971435546875,0.6810159683227539,0.31860804557800293,928,1.0088937282562256
926,54,0.011179685592651367,0.431424617767334,0.280681848526001,929,0.7232861518859863
927,54,0.009561538696289062,0.41399049758911133,0.2679274082183838,930,0.6914794445037842
928,54,0.007914304733276367,0.448214054107666,0.27846527099609375,931,0.7345936298370361
929,54,0.009278059005737305,0.3213386535644531,0.21738076210021973,932,0.5479974746704102
930,54,0.008918285369873047,0.36508703231811523,0.2389981746673584,933,0.6130034923553467
931,54,0.008480310440063477,0.4146416187286377,0.2578163146972656,934,0.6809382438659668
932,54,0.01040792465209961,0.41815996170043945,0.3848423957824707,935,0.8134102821350098
933,54,0.011424064636230469,0.3534848690032959,0.23520350456237793,936,0.6001124382019043
934,54,0.00998687744140625,0.42401766777038574,0.28363704681396484,937,0.7176415920257568
935,54,0.00874018669128418,0.3557708263397217,0.24156522750854492,938,0.6060762405395508
936,54,0.008775949478149414,0.4107067584991455,0.2653772830963135,939,0.6848599910736084
937,54,0.010289430618286133,0.3648667335510254,0.2528111934661865,940,0.627967357635498
938,54,0.008383512496948242,0.4090554714202881,0.3757145404815674,941,0.7931535243988037
939,54,0.008246183395385742,0.4394996166229248,0.2901298999786377,942,0.7378756999969482
940,54,0.010046243667602539,0.33942198753356934,0.22990202903747559,943,0.5793702602386475
941,54,0.00916147232055664,0.40947413444519043,0.2673983573913574,944,0.6860339641571045
942,54,0.008918046951293945,0.3989570140838623,0.25896763801574707,945,0.6668426990509033
943,54,0.01307535171508789,0.35133910179138184,0.23520112037658691,946,0.5996155738830566
944,54,0.010198354721069336,0.35605454444885254,0.3375582695007324,947,0.7038111686706543
945,54,0.008837699890136719,0.3863797187805176,0.2557094097137451,948,0.6509268283843994
946,54,0.010392904281616211,0.39301204681396484,0.25629639625549316,949,0.6597013473510742
947,54,0.008165597915649414,0.37462401390075684,0.24142742156982422,950,0.6242170333862305
948,54,0.008109569549560547,0.36603498458862305,0.24011850357055664,951,0.6142630577087402
949,54,0.013246774673461914,0.38766050338745117,0.2658042907714844,952,0.6667115688323975
950,54,0.010397672653198242,0.4507732391357422,0.2796173095703125,953,0.7407882213592529
951,54,0.008205890655517578,0.46639013290405273,0.23898959159851074,954,0.713585615158081
952,54,0.0088958740234375,0.42023468017578125,0.26802611351013184,955,0.6971566677093506
953,54,0.009135007858276367,0.3707399368286133,0.2506697177886963,956,0.6305446624755859
954,54,0.009300708770751953,0.37932491302490234,0.24408674240112305,957,0.6327123641967773
955,54,0.011176347732543945,0.40404844284057617,0.2534623146057129,958,0.668687105178833
956,54,0.010733604431152344,0.3517417907714844,0.22722339630126953,959,0.5896987915039062
957,54,0.010073184967041016,0.5315151214599609,0.26153111457824707,960,0.803119421005249
958,54,0.009566307067871094,0.39991331100463867,0.26442980766296387,961,0.6739094257354736
959,54,0.008988142013549805,0.4023878574371338,0.26509904861450195,962,0.6764750480651855
960,54,0.010765790939331055,0.4054226875305176,0.26184892654418945,963,0.6780374050140381
961,54,0.011061668395996094,0.45598840713500977,0.28987932205200195,964,0.7569293975830078
962,54,0.010411262512207031,0.42975902557373047,0.2734510898590088,965,0.7136213779449463
963,54,0.009373664855957031,0.7228879928588867,0.3547682762145996,966,1.0870299339294434
964,54,0.011241674423217773,0.3725883960723877,0.248002290725708,967,0.6318323612213135
965,54,0.010588407516479492,0.36023521423339844,0.23300957679748535,968,0.6038331985473633
966,54,0.008531570434570312,0.42154502868652344,0.27560973167419434,969,0.7056863307952881
967,54,0.011039018630981445,0.40355968475341797,0.25260496139526367,970,0.6672036647796631
968,54,0.009869098663330078,0.46691155433654785,0.2981741428375244,971,0.7749547958374023
969,54,0.014630317687988281,0.36588478088378906,0.24112653732299805,972,0.6216416358947754
970,54,0.009772777557373047,0.5793359279632568,0.31839466094970703,973,0.9075033664703369
971,54,0.00960540771484375,0.3682260513305664,0.2495253086090088,974,0.627356767654419
972,54,0.008698463439941406,0.41779565811157227,0.2737278938293457,975,0.7002220153808594
973,54,0.009110212326049805,0.4030609130859375,0.2629587650299072,976,0.6751298904418945
974,54,0.010626077651977539,0.39182114601135254,0.2607278823852539,977,0.663175106048584
975,54,0.01009511947631836,0.3637402057647705,0.2453019618988037,978,0.6191372871398926
976,54,0.009346723556518555,0.528404951095581,0.27206850051879883,979,0.8098201751708984
977,54,0.010297775268554688,0.6661174297332764,0.4677402973175049,980,1.144155502319336
978,54,0.01711130142211914,0.6276886463165283,0.4122340679168701,981,1.0570340156555176
979,54,0.013102531433105469,0.4073176383972168,0.26769590377807617,982,0.6881160736083984
980,54,0.009805679321289062,0.3671398162841797,0.23997139930725098,983,0.6169168949127197
981,54,0.011395454406738281,0.37082481384277344,0.2522542476654053,984,0.634474515914917
982,54,0.009423017501831055,0.3932986259460449,0.2506413459777832,985,0.6533629894256592
983,54,0.00864863395690918,0.5772891044616699,0.2986011505126953,986,0.8845388889312744
984,54,0.008704662322998047,0.36382293701171875,0.24432730674743652,987,0.6168549060821533
985,54,0.009936809539794922,0.4648892879486084,0.3003113269805908,988,0.7751374244689941
986,54,0.010333776473999023,0.42319607734680176,0.2824275493621826,989,0.7159574031829834
987,54,0.01036691665649414,0.3181748390197754,0.22022461891174316,990,0.5487663745880127
988,54,0.010158061981201172,0.4042544364929199,0.2613182067871094,991,0.6757307052612305
989,54,0.011538028717041016,0.42484426498413086,0.39367008209228516,992,0.830052375793457
990,54,0.010129451751708984,0.4643867015838623,0.2921946048736572,993,0.7667107582092285
991,54,0.009776830673217773,0.40297436714172363,0.27417898178100586,994,0.6869301795959473
992,54,0.012660026550292969,0.386028528213501,0.2541055679321289,995,0.6527941226959229
993,54,0.011440277099609375,0.4488825798034668,0.2969968318939209,996,0.7573196887969971
994,54,0.01113748550415039,0.4996941089630127,0.3016185760498047,997,0.8124501705169678
995,54,0.009923219680786133,0.42133617401123047,0.37671494483947754,998,0.8079743385314941
996,54,0.008791208267211914,0.4970400333404541,0.3172914981842041,999,0.8231227397918701
