,Python probes,JavaScript probes
0,0.13971638679504395,0.22568655014038086
1,0.13195085525512695,0.22545242309570312
2,0.13298559188842773,0.22954702377319336
3,0.1308279037475586,0.23058152198791504
4,0.13241243362426758,0.23021411895751953
5,0.1344928741455078,0.22556042671203613
6,0.1320657730102539,0.22571349143981934
7,0.13167333602905273,0.22496652603149414
8,0.13508033752441406,0.22314739227294922
9,0.13633060455322266,0.22768545150756836
10,0.1337292194366455,0.22717523574829102
11,0.13450264930725098,0.2278306484222412
12,0.13379120826721191,0.22583580017089844
13,0.13577485084533691,0.24002504348754883
14,0.13544034957885742,0.2284097671508789
15,0.13214325904846191,0.22752833366394043
16,0.13286471366882324,0.2185041904449463
17,0.1337876319885254,0.2249281406402588
18,0.13178467750549316,0.22794580459594727
19,0.13267970085144043,0.2235114574432373
20,0.13491153717041016,0.22277164459228516
21,0.13245153427124023,0.2232067584991455
22,0.1328752040863037,0.22252702713012695
23,0.13255763053894043,0.22689127922058105
24,0.13260793685913086,0.2221376895904541
25,0.13324737548828125,0.22190475463867188
26,0.13265252113342285,0.2240891456604004
27,0.13240504264831543,0.22232961654663086
28,0.13257884979248047,0.23022961616516113
29,0.13273859024047852,0.2253556251525879
30,0.13154006004333496,0.22669386863708496
31,0.13238215446472168,0.22022652626037598
32,0.13526630401611328,0.2221992015838623
33,0.1316666603088379,0.2253251075744629
34,0.13315320014953613,0.2259814739227295
35,0.13323187828063965,0.2257983684539795
36,0.1319284439086914,0.2149672508239746
37,0.13506221771240234,0.22691845893859863
38,0.13361692428588867,0.22936630249023438
39,0.1334390640258789,0.2238912582397461
40,0.13341212272644043,0.22629785537719727
41,0.13470792770385742,0.2261028289794922
42,0.1259620189666748,0.21734237670898438
43,0.1323561668395996,0.2241661548614502
44,0.13184309005737305,0.2274007797241211
45,0.13259530067443848,0.2279355525970459
46,0.13554620742797852,0.22376799583435059
47,0.13458943367004395,0.22685551643371582
48,0.13382315635681152,0.2241673469543457
49,0.13251614570617676,0.22432279586791992
50,0.13310003280639648,0.22409415245056152
51,0.13213324546813965,0.2241353988647461
52,0.1330578327178955,0.22508692741394043
53,0.1285703182220459,0.22367477416992188
54,0.13366460800170898,0.22504663467407227
55,0.13180160522460938,0.22453665733337402
56,0.13244986534118652,0.22514033317565918
57,0.13232779502868652,0.21916532516479492
58,0.1361551284790039,0.22422146797180176
59,0.13235235214233398,0.23995566368103027
60,0.13449573516845703,0.22200274467468262
61,0.1353437900543213,0.22696614265441895
62,0.1320650577545166,0.2267625331878662
63,0.13442516326904297,0.22948360443115234
64,0.13666677474975586,0.22318482398986816
65,0.1319873332977295,0.22260117530822754
66,0.13498592376708984,0.2236323356628418
67,0.13299894332885742,0.2261202335357666
68,0.1362154483795166,0.22479677200317383
69,0.13760757446289062,0.22531390190124512
70,0.13334178924560547,0.22585058212280273
71,0.13319945335388184,0.2242128849029541
72,0.13405442237854004,0.22327351570129395
73,0.13315057754516602,0.22105646133422852
74,0.13481497764587402,0.22662067413330078
75,0.13214445114135742,0.22764253616333008
76,0.1340174674987793,0.2177259922027588
77,0.13253116607666016,0.22226834297180176
78,0.13185667991638184,0.22576141357421875
79,0.12991619110107422,0.22491693496704102
80,0.1347658634185791,0.22011184692382812
81,0.13393235206604004,0.22375226020812988
82,0.1317152976989746,0.2262871265411377
83,0.1359097957611084,0.22180628776550293
84,0.13367605209350586,0.2213575839996338
85,0.1334364414215088,0.22311925888061523
86,0.1348259449005127,0.22437787055969238
87,0.1330578327178955,0.2222900390625
88,0.13495111465454102,0.22846627235412598
89,0.12676143646240234,0.22573328018188477
90,0.13364839553833008,0.22510576248168945
91,0.13205552101135254,0.22861266136169434
92,0.13351202011108398,0.2228541374206543
93,0.13233613967895508,0.22632336616516113
94,0.1345512866973877,0.22444677352905273
95,0.13523340225219727,0.25245189666748047
96,0.13573884963989258,0.22214174270629883
97,0.13371539115905762,0.22588753700256348
98,0.13262104988098145,0.22528839111328125
99,0.13052654266357422,0.2252655029296875
100,0.13005328178405762,0.22443914413452148
101,0.13434267044067383,0.22539949417114258
102,0.13502955436706543,0.21973466873168945
103,0.1327652931213379,0.22551989555358887
104,0.13376617431640625,0.22556066513061523
105,0.131181001663208,0.22603154182434082
106,0.13307905197143555,0.2250068187713623
107,0.1338038444519043,0.22893381118774414
108,0.1350712776184082,0.2247459888458252
109,0.13161420822143555,0.22707343101501465
110,0.1323866844177246,0.22495436668395996
111,0.13056135177612305,0.2285165786743164
112,0.1338331699371338,0.22489666938781738
113,0.1331186294555664,0.22521066665649414
114,0.13077497482299805,0.22164154052734375
115,0.1325855255126953,0.22644400596618652
116,0.13074707984924316,0.22664093971252441
117,0.13151812553405762,0.21986770629882812
118,0.13079142570495605,0.2261369228363037
119,0.13292598724365234,0.22573184967041016
120,0.1296098232269287,0.23392176628112793
121,0.13283586502075195,0.22815990447998047
122,0.13438963890075684,0.2230672836303711
123,0.1333463191986084,0.22317934036254883
124,0.13465595245361328,0.22472620010375977
125,0.1330547332763672,0.2263033390045166
126,0.13105297088623047,0.22335124015808105
127,0.13405871391296387,0.22693419456481934
128,0.13080453872680664,0.21974635124206543
129,0.1302192211151123,0.22376728057861328
130,0.1316053867340088,0.2267007827758789
131,0.1268014907836914,0.22793340682983398
132,0.13519501686096191,0.22635364532470703
133,0.13456249237060547,0.22494816780090332
134,0.13422489166259766,0.22417783737182617
135,0.1299598217010498,0.2275710105895996
136,0.13096213340759277,0.22490215301513672
137,0.13317465782165527,0.22202134132385254
138,0.1340024471282959,0.22797250747680664
139,0.13376522064208984,0.22432494163513184
140,0.13399410247802734,0.2238011360168457
141,0.1322011947631836,0.22386550903320312
142,0.13036513328552246,0.22209763526916504
143,0.13327383995056152,0.22478985786437988
144,0.13376522064208984,0.22363758087158203
145,0.13254666328430176,0.22321605682373047
146,0.13012433052062988,0.2256312370300293
147,0.13509011268615723,0.22483348846435547
148,0.135300874710083,0.22548437118530273
149,0.1339566707611084,0.22646522521972656
150,0.13429903984069824,0.2247450351715088
151,0.13551950454711914,0.22230958938598633
152,0.1332075595855713,0.21832895278930664
153,0.13342547416687012,0.2252349853515625
154,0.1267385482788086,0.23168540000915527
155,0.130584716796875,0.22332072257995605
156,0.13375210762023926,0.2249009609222412
157,0.13310790061950684,0.2209460735321045
158,0.13301920890808105,0.22668886184692383
159,0.1322033405303955,0.22027087211608887
160,0.12970399856567383,0.2217719554901123
161,0.1330416202545166,0.21657371520996094
162,0.1351470947265625,0.21443963050842285
163,0.12851166725158691,0.2123403549194336
164,0.13379454612731934,0.21218585968017578
165,0.12366056442260742,0.22571802139282227
166,0.12635564804077148,0.2218010425567627
167,0.1300656795501709,0.22404098510742188
168,0.1327533721923828,0.22333431243896484
169,0.13312053680419922,0.22264552116394043
170,0.13268089294433594,0.22474122047424316
171,0.13213086128234863,0.22416448593139648
172,0.13392853736877441,0.23468828201293945
173,0.13356637954711914,0.2220914363861084
174,0.13371801376342773,0.22781062126159668
175,0.13547325134277344,0.22574758529663086
176,0.13389062881469727,0.22701811790466309
177,0.1329329013824463,0.22243475914001465
178,0.13326597213745117,0.22553777694702148
179,0.13288044929504395,0.22394561767578125
180,0.13566207885742188,0.22475242614746094
181,0.1327674388885498,0.22536921501159668
182,0.136368989944458,0.22333884239196777
183,0.13606643676757812,0.2230234146118164
184,0.13393449783325195,0.2267754077911377
185,0.1327207088470459,0.2268199920654297
186,0.13289403915405273,0.22290492057800293
187,0.1346745491027832,0.22361373901367188
188,0.13390278816223145,0.2226884365081787
189,0.13341712951660156,0.2189772129058838
190,0.13348865509033203,0.2241055965423584
191,0.1321547031402588,0.22318577766418457
192,0.13216233253479004,0.22166943550109863
193,0.1331768035888672,0.22199201583862305
194,0.1339876651763916,0.22651028633117676
195,0.13235735893249512,0.22636842727661133
196,0.1327970027923584,0.22426414489746094
197,0.12973999977111816,0.226593017578125
198,0.13367199897766113,0.2238008975982666
199,0.13390040397644043,0.22182559967041016
200,0.13379788398742676,0.2247624397277832
201,0.13400840759277344,0.22375178337097168
202,0.1307988166809082,0.22418522834777832
203,0.13359880447387695,0.2231731414794922
204,0.13464951515197754,0.22475790977478027
205,0.13365530967712402,0.22577738761901855
206,0.14935874938964844,0.22185015678405762
207,0.1321418285369873,0.22205901145935059
208,0.1336517333984375,0.22166848182678223
209,0.13369107246398926,0.2227480411529541
210,0.13467955589294434,0.22730469703674316
211,0.13115692138671875,0.22475600242614746
212,0.13457798957824707,0.22765159606933594
213,0.13295340538024902,0.22139358520507812
214,0.13216090202331543,0.22309017181396484
215,0.1344013214111328,0.22374391555786133
216,0.1325364112854004,0.22285032272338867
217,0.13230633735656738,0.22455358505249023
218,0.13253307342529297,0.22347521781921387
219,0.1326611042022705,0.22476959228515625
220,0.13205194473266602,0.22065997123718262
221,0.13208460807800293,0.22505903244018555
222,0.13498830795288086,0.22652864456176758
223,0.13472461700439453,0.2233271598815918
224,0.1324751377105713,0.2239820957183838
225,0.13328051567077637,0.22345232963562012
226,0.13195109367370605,0.22663044929504395
227,0.1344587802886963,0.22282052040100098
228,0.13391757011413574,0.22510957717895508
229,0.13273191452026367,0.22331857681274414
230,0.13423514366149902,0.2252061367034912
231,0.13397717475891113,0.22493886947631836
232,0.1339550018310547,0.2256150245666504
233,0.13353395462036133,0.22566485404968262
234,0.1335008144378662,0.22292017936706543
235,0.1313304901123047,0.22608709335327148
236,0.13332056999206543,0.22123360633850098
237,0.13186144828796387,0.22495245933532715
238,0.13444232940673828,0.22446155548095703
239,0.12872529029846191,0.22492218017578125
240,0.1276717185974121,0.22016668319702148
241,0.13400626182556152,0.2241520881652832
242,0.13235163688659668,0.2247452735900879
243,0.13155055046081543,0.2264704704284668
244,0.13382840156555176,0.2273721694946289
245,0.13313794136047363,0.2233579158782959
246,0.12996673583984375,0.22342443466186523
247,0.13430190086364746,0.22578883171081543
248,0.13523125648498535,0.2235279083251953
249,0.13219308853149414,0.22365117073059082
250,0.13190007209777832,0.22484302520751953
251,0.1290132999420166,0.22580647468566895
252,0.12960243225097656,0.22365140914916992
253,0.1333777904510498,0.22376227378845215
254,0.1334686279296875,0.22500109672546387
255,0.13537859916687012,0.22530674934387207
256,0.1336073875427246,0.22300505638122559
257,0.13341403007507324,0.22153496742248535
258,0.13360142707824707,0.22639918327331543
259,0.13011693954467773,0.22361373901367188
260,0.13388299942016602,0.22228336334228516
261,0.13446760177612305,0.22307276725769043
262,0.13077211380004883,0.22464227676391602
263,0.13376736640930176,0.22584104537963867
264,0.132918119430542,0.22735810279846191
265,0.13393330574035645,0.2223377227783203
266,0.13335275650024414,0.22597169876098633
267,0.13190197944641113,0.22787690162658691
268,0.13298535346984863,0.226243257522583
269,0.13268542289733887,0.23043131828308105
270,0.13323664665222168,0.22505927085876465
271,0.13231897354125977,0.22460317611694336
272,0.13357186317443848,0.22094297409057617
273,0.13440656661987305,0.22295475006103516
274,0.12972760200500488,0.2232980728149414
275,0.13489866256713867,0.22619366645812988
276,0.13161110877990723,0.22449636459350586
277,0.1337442398071289,0.22021150588989258
278,0.1346287727355957,0.2199108600616455
279,0.13337087631225586,0.22770237922668457
280,0.132765531539917,0.22158479690551758
281,0.1338944435119629,0.22259974479675293
282,0.134521484375,0.2234644889831543
283,0.13415050506591797,0.227586030960083
284,0.13094139099121094,0.22324657440185547
285,0.13376450538635254,0.2236032485961914
286,0.13245677947998047,0.2264847755432129
287,0.13409066200256348,0.2276308536529541
288,0.13280487060546875,0.22594952583312988
289,0.13389253616333008,0.22413086891174316
290,0.13477182388305664,0.22787094116210938
291,0.13199496269226074,0.22513222694396973
292,0.13565301895141602,0.227247953414917
293,0.13379597663879395,0.2272050380706787
294,0.13603997230529785,0.22834444046020508
295,0.13184881210327148,0.22207999229431152
296,0.13138747215270996,0.22333216667175293
297,0.13263583183288574,0.22040128707885742
298,0.13378500938415527,0.22227859497070312
299,0.13500690460205078,0.2442476749420166
300,0.1334676742553711,0.22344017028808594
301,0.13361787796020508,0.22548246383666992
302,0.13289546966552734,0.23711347579956055
303,0.1328287124633789,0.22454237937927246
304,0.1330881118774414,0.22345304489135742
305,0.13338708877563477,0.22738409042358398
306,0.13335227966308594,0.22457671165466309
307,0.13308238983154297,0.22392630577087402
308,0.1341383457183838,0.2272171974182129
309,0.13077163696289062,0.22328591346740723
310,0.13124895095825195,0.2254788875579834
311,0.13181638717651367,0.22699618339538574
312,0.13516950607299805,0.22435474395751953
313,0.13350629806518555,0.22741270065307617
314,0.13383698463439941,0.2212965488433838
315,0.13127422332763672,0.22382068634033203
316,0.13243627548217773,0.2281954288482666
317,0.13222217559814453,0.22277307510375977
318,0.13221168518066406,0.22535300254821777
319,0.1308152675628662,0.2284688949584961
320,0.12853217124938965,0.22312521934509277
321,0.1303553581237793,0.22167277336120605
322,0.13268160820007324,0.2238171100616455
323,0.13453412055969238,0.2268810272216797
324,0.13288402557373047,0.23247051239013672
325,0.13210582733154297,0.22362112998962402
326,0.13438844680786133,0.22661614418029785
327,0.13108468055725098,0.2226722240447998
328,0.13320541381835938,0.2216653823852539
329,0.1321711540222168,0.22156143188476562
330,0.13190412521362305,0.22274470329284668
331,0.13280344009399414,0.22594714164733887
332,0.13367819786071777,0.22428679466247559
333,0.13286304473876953,0.22549796104431152
334,0.13296818733215332,0.22817444801330566
335,0.13332223892211914,0.2245466709136963
336,0.13320207595825195,0.22664356231689453
337,0.13807344436645508,0.22431015968322754
338,0.13448190689086914,0.22041702270507812
339,0.13243818283081055,0.21635198593139648
340,0.13216352462768555,0.22407245635986328
341,0.1329498291015625,0.21868181228637695
342,0.13328242301940918,0.21779155731201172
343,0.13544464111328125,0.21706843376159668
344,0.13163542747497559,0.2170722484588623
345,0.1328437328338623,0.22223186492919922
346,0.13361310958862305,0.22498440742492676
347,0.13250207901000977,0.2244548797607422
348,0.1328127384185791,0.22342848777770996
349,0.13517212867736816,0.21413135528564453
350,0.13178801536560059,0.2211136817932129
351,0.13122344017028809,0.21653318405151367
352,0.13321805000305176,0.2196488380432129
353,0.13476109504699707,0.22119808197021484
354,0.13164973258972168,0.21583342552185059
355,0.13225531578063965,0.21854424476623535
356,0.13342499732971191,0.21868157386779785
357,0.1309497356414795,0.21655535697937012
358,0.13097047805786133,0.2256333827972412
359,0.13273406028747559,0.2229471206665039
360,0.13412833213806152,0.21771001815795898
361,0.1338667869567871,0.21587300300598145
362,0.13457250595092773,0.22219061851501465
363,0.13578462600708008,0.22046232223510742
364,0.13346433639526367,0.21599531173706055
365,0.1329038143157959,0.2221057415008545
366,0.13325810432434082,0.2256917953491211
367,0.13202834129333496,0.21742892265319824
368,0.1330573558807373,0.21650218963623047
369,0.13397669792175293,0.2193763256072998
370,0.13206768035888672,0.22665882110595703
371,0.13469600677490234,0.22100830078125
372,0.13274884223937988,0.22003531455993652
373,0.13579463958740234,0.22475647926330566
374,0.13293814659118652,0.21721577644348145
375,0.1336982250213623,0.22054433822631836
376,0.13384389877319336,0.21886301040649414
377,0.13462042808532715,0.21934127807617188
378,0.13215994834899902,0.2224140167236328
379,0.13408994674682617,0.21900320053100586
380,0.13491487503051758,0.21750664710998535
381,0.13468217849731445,0.22210693359375
382,0.13213038444519043,0.22160863876342773
383,0.1336078643798828,0.22406959533691406
384,0.13083744049072266,0.2247765064239502
385,0.12953424453735352,0.22241663932800293
386,0.13239049911499023,0.22211217880249023
387,0.12668085098266602,0.22703099250793457
388,0.13439154624938965,0.22476935386657715
389,0.13236069679260254,0.22409319877624512
390,0.13282036781311035,0.2254626750946045
391,0.1327815055847168,0.22236132621765137
392,0.13239741325378418,0.2228996753692627
393,0.1324760913848877,0.22676491737365723
394,0.13229703903198242,0.22281503677368164
395,0.1329026222229004,0.2221052646636963
396,0.13363933563232422,0.22429633140563965
397,0.1332845687866211,0.22255420684814453
398,0.13497185707092285,0.22314214706420898
399,0.13240432739257812,0.22205615043640137
400,0.13237333297729492,0.22367167472839355
401,0.13234210014343262,0.2193443775177002
402,0.1325538158416748,0.252910852432251
403,0.13371777534484863,0.22629404067993164
404,0.1331179141998291,0.22411370277404785
405,0.13601136207580566,0.22456717491149902
406,0.13332080841064453,0.21664786338806152
407,0.13230133056640625,0.21837186813354492
408,0.1321108341217041,0.21471381187438965
409,0.13296890258789062,0.21930742263793945
410,0.13562703132629395,0.21860146522521973
411,0.13483166694641113,0.22414946556091309
412,0.13299107551574707,0.22524070739746094
413,0.13181304931640625,0.22288179397583008
414,0.13354849815368652,0.2274322509765625
415,0.13110589981079102,0.22363686561584473
416,0.1314549446105957,0.222245454788208
417,0.13489365577697754,0.2224116325378418
418,0.1338346004486084,0.22482681274414062
419,0.13368916511535645,0.22505640983581543
420,0.13222503662109375,0.22422146797180176
421,0.13315939903259277,0.22546672821044922
422,0.13408398628234863,0.223710298538208
423,0.13181591033935547,0.22439932823181152
424,0.13376760482788086,0.22374510765075684
425,0.13421916961669922,0.2240443229675293
426,0.1307530403137207,0.22265172004699707
427,0.13449597358703613,0.23449492454528809
428,0.1323244571685791,0.22418999671936035
429,0.13304519653320312,0.22159409523010254
430,0.13309240341186523,0.223649263381958
431,0.1327807903289795,0.22421956062316895
432,0.1329669952392578,0.2244243621826172
433,0.13377594947814941,0.22734665870666504
434,0.1336066722869873,0.22502684593200684
435,0.13319158554077148,0.2250523567199707
436,0.13373780250549316,0.22449874877929688
437,0.1330702304840088,0.22385573387145996
438,0.13291287422180176,0.22349786758422852
439,0.13207507133483887,0.2248539924621582
440,0.13357138633728027,0.22478127479553223
441,0.1314404010772705,0.22548723220825195
442,0.1335458755493164,0.2262885570526123
443,0.13330721855163574,0.22640061378479004
444,0.1344616413116455,0.22471022605895996
445,0.13367486000061035,0.22465062141418457
446,0.13324689865112305,0.22661828994750977
447,0.13417291641235352,0.2215273380279541
448,0.1318206787109375,0.223466157913208
449,0.13279342651367188,0.22422122955322266
450,0.13376927375793457,0.22264623641967773
451,0.1331791877746582,0.22749829292297363
452,0.13042783737182617,0.22489547729492188
453,0.13375544548034668,0.22977924346923828
454,0.1322011947631836,0.22501468658447266
455,0.1326770782470703,0.2258007526397705
456,0.13471388816833496,0.22587919235229492
457,0.13353180885314941,0.23007988929748535
458,0.13280415534973145,0.2253248691558838
459,0.13300108909606934,0.2245941162109375
460,0.13197970390319824,0.22360920906066895
461,0.1334388256072998,0.22550606727600098
462,0.1325678825378418,0.22693204879760742
463,0.1323833465576172,0.22352051734924316
464,0.13386178016662598,0.2237539291381836
465,0.13277816772460938,0.22568607330322266
466,0.13122034072875977,0.2265472412109375
467,0.13203763961791992,0.22529935836791992
468,0.13380026817321777,0.22650885581970215
469,0.1338968276977539,0.22399091720581055
470,0.13144969940185547,0.23270392417907715
471,0.1392805576324463,0.22063612937927246
472,0.13305449485778809,0.22593379020690918
473,0.1314406394958496,0.22642803192138672
474,0.13058018684387207,0.2194986343383789
475,0.13345789909362793,0.22402310371398926
476,0.13165783882141113,0.22489500045776367
477,0.13048386573791504,0.22515416145324707
478,0.13408732414245605,0.22671747207641602
479,0.1329512596130371,0.2253572940826416
480,0.13356447219848633,0.22446918487548828
481,0.13285326957702637,0.22520160675048828
482,0.13155388832092285,0.2256627082824707
483,0.13236761093139648,0.22475647926330566
484,0.1337292194366455,0.2282705307006836
485,0.13187551498413086,0.22291874885559082
486,0.13262653350830078,0.22543692588806152
487,0.13323354721069336,0.2244865894317627
488,0.132598876953125,0.22597336769104004
489,0.13056230545043945,0.2247147560119629
490,0.13381195068359375,0.22438549995422363
491,0.13256192207336426,0.22596383094787598
492,0.13334298133850098,0.2242138385772705
493,0.13453388214111328,0.22530746459960938
494,0.13121747970581055,0.22455811500549316
495,0.13301420211791992,0.22501111030578613
496,0.13334941864013672,0.21883893013000488
497,0.13384604454040527,0.22699308395385742
498,0.13276290893554688,0.2280261516571045
499,0.13500285148620605,0.21637725830078125
500,0.13288569450378418,0.22615289688110352
501,0.13272953033447266,0.22521328926086426
502,0.13291215896606445,0.2218914031982422
503,0.13327980041503906,0.22539663314819336
504,0.13048911094665527,0.22328400611877441
505,0.13352227210998535,0.2270824909210205
506,0.13620853424072266,0.22141528129577637
507,0.13240718841552734,0.22539043426513672
508,0.13366031646728516,0.2615656852722168
509,0.13113188743591309,0.2238783836364746
510,0.13237285614013672,0.22642827033996582
511,0.13209104537963867,0.22267699241638184
512,0.1334681510925293,0.21878933906555176
513,0.13340234756469727,0.2234482765197754
514,0.13184857368469238,0.22551941871643066
515,0.1337440013885498,0.2210249900817871
516,0.13399648666381836,0.22040295600891113
517,0.13379526138305664,0.22534871101379395
518,0.13434123992919922,0.2251138687133789
519,0.13355731964111328,0.23855042457580566
520,0.1336071491241455,0.22170686721801758
521,0.1325995922088623,0.22371912002563477
522,0.13295292854309082,0.22400736808776855
523,0.13481998443603516,0.21912741661071777
524,0.13299918174743652,0.22194361686706543
525,0.13521885871887207,0.2238636016845703
526,0.13365578651428223,0.22327446937561035
527,0.13279008865356445,0.22058963775634766
528,0.13411426544189453,0.21341300010681152
529,0.13283896446228027,0.22268891334533691
530,0.1328279972076416,0.2218775749206543
531,0.1328439712524414,0.2201080322265625
532,0.13585567474365234,0.22353100776672363
533,0.13186216354370117,0.22632980346679688
534,0.1339890956878662,0.22034955024719238
535,0.13303399085998535,0.2191758155822754
536,0.13400506973266602,0.21911406517028809
537,0.13364481925964355,0.22322368621826172
538,0.13442659378051758,0.22368884086608887
539,0.1317148208618164,0.22196626663208008
540,0.13199734687805176,0.22329473495483398
541,0.1329481601715088,0.22289609909057617
542,0.13365435600280762,0.21996545791625977
543,0.13383913040161133,0.2217719554901123
544,0.13347291946411133,0.22201275825500488
545,0.13265728950500488,0.2209916114807129
546,0.1309795379638672,0.2187943458557129
547,0.13413643836975098,0.21882414817810059
548,0.1337907314300537,0.22317147254943848
549,0.13208341598510742,0.21831631660461426
550,0.13227152824401855,0.22294878959655762
551,0.1336054801940918,0.22678160667419434
552,0.1325669288635254,0.22465181350708008
553,0.13214516639709473,0.22341036796569824
554,0.1338789463043213,0.2261514663696289
555,0.13309454917907715,0.22943758964538574
556,0.13461875915527344,0.22409534454345703
557,0.1336841583251953,0.22694182395935059
558,0.13343381881713867,0.2229020595550537
559,0.1323397159576416,0.2214980125427246
560,0.13416409492492676,0.22081637382507324
561,0.1336967945098877,0.22252678871154785
562,0.1330704689025879,0.22342443466186523
563,0.13355040550231934,0.22267699241638184
564,0.1347486972808838,0.22582268714904785
565,0.131089448928833,0.22786474227905273
566,0.13310956954956055,0.22465729713439941
567,0.1327211856842041,0.2264261245727539
568,0.13319802284240723,0.227189302444458
569,0.14064908027648926,0.22644686698913574
570,0.13005685806274414,0.22610902786254883
571,0.13256430625915527,0.22034668922424316
572,0.13329696655273438,0.22348856925964355
573,0.1337118148803711,0.21958374977111816
574,0.13178563117980957,0.22775626182556152
575,0.13282155990600586,0.2257983684539795
576,0.13329100608825684,0.2209796905517578
577,0.1337575912475586,0.2216966152191162
578,0.13384318351745605,0.22732043266296387
579,0.13489842414855957,0.22658562660217285
580,0.12636685371398926,0.22644448280334473
581,0.13360309600830078,0.22265934944152832
582,0.13157010078430176,0.22785639762878418
583,0.13207626342773438,0.22805237770080566
584,0.13372135162353516,0.22467684745788574
585,0.13483810424804688,0.22555994987487793
586,0.13132166862487793,0.2275388240814209
587,0.1327049732208252,0.22681665420532227
588,0.13276028633117676,0.22385263442993164
589,0.13373208045959473,0.22549223899841309
590,0.13356304168701172,0.2267920970916748
591,0.13479852676391602,0.2250499725341797
592,0.1342463493347168,0.22649264335632324
593,0.1334831714630127,0.2605559825897217
594,0.13321661949157715,0.22565174102783203
595,0.13358426094055176,0.22632765769958496
596,0.13394618034362793,0.22375249862670898
597,0.1335923671722412,0.22525453567504883
598,0.13447093963623047,0.22627973556518555
599,0.13451361656188965,0.22382092475891113
600,0.13178300857543945,0.22954726219177246
601,0.1334841251373291,0.22486543655395508
602,0.13439440727233887,0.22520184516906738
603,0.13312196731567383,0.22409701347351074
604,0.13274240493774414,0.22249436378479004
605,0.13354277610778809,0.22357988357543945
606,0.1336057186126709,0.25000715255737305
607,0.13437533378601074,0.22455739974975586
608,0.13303160667419434,0.2230370044708252
609,0.13316798210144043,0.22588348388671875
610,0.13232183456420898,0.22527766227722168
611,0.1332378387451172,0.22615361213684082
612,0.13146305084228516,0.22496247291564941
613,0.1318979263305664,0.2247920036315918
614,0.13205957412719727,0.22467851638793945
615,0.1329498291015625,0.22475481033325195
616,0.13386988639831543,0.22673892974853516
617,0.13266396522521973,0.2269594669342041
618,0.1325671672821045,0.22663593292236328
619,0.13328051567077637,0.22471141815185547
620,0.13364911079406738,0.22573614120483398
621,0.13417601585388184,0.23022747039794922
622,0.13432025909423828,0.22498226165771484
623,0.13244867324829102,0.22692298889160156
624,0.13046884536743164,0.22449874877929688
625,0.13410687446594238,0.22719740867614746
626,0.1326737403869629,0.22435426712036133
627,0.13354873657226562,0.2278423309326172
628,0.13398098945617676,0.23031115531921387
629,0.13306021690368652,0.22411584854125977
630,0.13506770133972168,0.22452425956726074
631,0.13392972946166992,0.22487425804138184
632,0.13351178169250488,0.22791314125061035
633,0.13376688957214355,0.2605304718017578
634,0.13308238983154297,0.22359681129455566
635,0.13425803184509277,0.22406268119812012
636,0.13379406929016113,0.22292375564575195
637,0.13499021530151367,0.2235119342803955
638,0.13204598426818848,0.22836971282958984
639,0.13292956352233887,0.2245171070098877
640,0.13459205627441406,0.22610688209533691
641,0.13377094268798828,0.22672367095947266
642,0.13155341148376465,0.22486400604248047
643,0.13280057907104492,0.22672247886657715
644,0.13499116897583008,0.22699570655822754
645,0.1318666934967041,0.22587919235229492
646,0.1316990852355957,0.22517633438110352
647,0.1346273422241211,0.2243967056274414
648,0.13469767570495605,0.22563815116882324
649,0.13600468635559082,0.22837042808532715
650,0.1348891258239746,0.2241201400756836
651,0.13388538360595703,0.22842192649841309
652,0.1327219009399414,0.22751283645629883
653,0.13308286666870117,0.22470402717590332
654,0.13469958305358887,0.22302699089050293
655,0.1332545280456543,0.2220306396484375
656,0.13480353355407715,0.22759437561035156
657,0.13487839698791504,0.2259502410888672
658,0.13594770431518555,0.22442841529846191
659,0.13325047492980957,0.22251057624816895
660,0.13321447372436523,0.22577738761901855
661,0.13199520111083984,0.22525668144226074
662,0.13428664207458496,0.2218303680419922
663,0.13255834579467773,0.22797322273254395
664,0.13214874267578125,0.22575974464416504
665,0.13620829582214355,0.22438740730285645
666,0.1341409683227539,0.22267770767211914
667,0.1346759796142578,0.22089195251464844
668,0.1335890293121338,0.22697854042053223
669,0.1328566074371338,0.2243211269378662
670,0.13299775123596191,0.22671723365783691
671,0.13479280471801758,0.2264416217803955
672,0.1336839199066162,0.22254347801208496
673,0.13449883460998535,0.22748112678527832
674,0.13312721252441406,0.22710347175598145
675,0.13272833824157715,0.2259054183959961
676,0.13352751731872559,0.22555303573608398
677,0.13240861892700195,0.21856927871704102
678,0.1335146427154541,0.22283649444580078
679,0.13324689865112305,0.22624659538269043
680,0.13315439224243164,0.23580574989318848
681,0.13543987274169922,0.22835111618041992
682,0.13386821746826172,0.2284092903137207
683,0.13332223892211914,0.22998833656311035
684,0.1338672637939453,0.22832202911376953
685,0.13515925407409668,0.27112698554992676
686,0.1350092887878418,0.22873544692993164
687,0.13545942306518555,0.22508454322814941
688,0.13202714920043945,0.22378849983215332
689,0.13258028030395508,0.2285776138305664
690,0.13181424140930176,0.22663044929504395
691,0.1358327865600586,0.2234506607055664
692,0.13480377197265625,0.2210848331451416
693,0.1332247257232666,0.22205781936645508
694,0.13460087776184082,0.22508955001831055
695,0.1331195831298828,0.22310471534729004
696,0.1329498291015625,0.22101521492004395
697,0.13181471824645996,0.21710205078125
698,0.13469910621643066,0.22922730445861816
699,0.1328730583190918,0.2649211883544922
700,0.1347057819366455,0.22470974922180176
701,0.1340320110321045,0.22692012786865234
702,0.1333177089691162,0.2268199920654297
703,0.13228702545166016,0.22700786590576172
704,0.13291406631469727,0.22803640365600586
705,0.13398194313049316,0.2268235683441162
706,0.1337437629699707,0.22534680366516113
707,0.13437795639038086,0.22404003143310547
708,0.13427066802978516,0.22482943534851074
709,0.13407063484191895,0.22394752502441406
710,0.13547158241271973,0.22670602798461914
711,0.13401460647583008,0.22675395011901855
712,0.13423800468444824,0.2258925437927246
713,0.13309693336486816,0.2631068229675293
714,0.1343996524810791,0.22355103492736816
715,0.1332259178161621,0.2226881980895996
716,0.1340324878692627,0.2236011028289795
717,0.13131070137023926,0.22277522087097168
718,0.13459062576293945,0.22486281394958496
719,0.13080501556396484,0.22543072700500488
720,0.1338636875152588,0.224595308303833
721,0.13457465171813965,0.22481489181518555
722,0.1337125301361084,0.22619414329528809
723,0.13312840461730957,0.22231006622314453
724,0.13461518287658691,0.22398614883422852
725,0.1348743438720703,0.22309064865112305
726,0.1329503059387207,0.22091126441955566
727,0.13487815856933594,0.25935912132263184
728,0.13311553001403809,0.22440433502197266
729,0.13309979438781738,0.22491145133972168
730,0.13483762741088867,0.22747540473937988
731,0.13308286666870117,0.22820091247558594
732,0.13493585586547852,0.22644615173339844
733,0.13350415229797363,0.24922752380371094
734,0.13207554817199707,0.22762298583984375
735,0.13500261306762695,0.22596025466918945
736,0.13516497611999512,0.22624516487121582
737,0.1355304718017578,0.22671842575073242
738,0.13396549224853516,0.22544384002685547
739,0.1356220245361328,0.2242131233215332
740,0.133195161819458,0.2255082130432129
741,0.13254690170288086,0.26837968826293945
742,0.13280558586120605,0.2247169017791748
743,0.133497953414917,0.22721195220947266
744,0.13380169868469238,0.2267463207244873
745,0.13503241539001465,0.22300958633422852
746,0.13400816917419434,0.24425625801086426
747,0.1341392993927002,0.22638773918151855
748,0.13280272483825684,0.22666430473327637
749,0.1336534023284912,0.22153949737548828
750,0.13400602340698242,0.22284531593322754
751,0.13348388671875,0.22411513328552246
752,0.13432908058166504,0.22498726844787598
753,0.13253307342529297,0.2230854034423828
754,0.13249731063842773,0.22824597358703613
755,0.13321208953857422,0.22727632522583008
756,0.13468408584594727,0.2243640422821045
757,0.133833646774292,0.22503972053527832
758,0.1349804401397705,0.22458219528198242
759,0.1346452236175537,0.22348618507385254
760,0.13301777839660645,0.2242600917816162
761,0.13234448432922363,0.22436904907226562
762,0.1336662769317627,0.22403168678283691
763,0.13366222381591797,0.22406411170959473
764,0.13237833976745605,0.22556805610656738
765,0.13278412818908691,0.2244102954864502
766,0.13126516342163086,0.22478914260864258
767,0.1328892707824707,0.22350502014160156
768,0.13353610038757324,0.22409558296203613
769,0.13336682319641113,0.22563672065734863
770,0.1332242488861084,0.22249627113342285
771,0.1305406093597412,0.22433900833129883
772,0.13271260261535645,0.22452116012573242
773,0.13339567184448242,0.22636151313781738
774,0.13218116760253906,0.2290027141571045
775,0.13492631912231445,0.2269582748413086
776,0.13407254219055176,0.22345185279846191
777,0.1347658634185791,0.22760295867919922
778,0.1335279941558838,0.2247300148010254
779,0.1338958740234375,0.22469210624694824
780,0.13337016105651855,0.22738933563232422
781,0.13373088836669922,0.22354340553283691
782,0.13331842422485352,0.224318265914917
783,0.1309828758239746,0.2236182689666748
784,0.1339888572692871,0.22453880310058594
785,0.13461518287658691,0.22782635688781738
786,0.13452553749084473,0.22755193710327148
787,0.13506388664245605,0.22593021392822266
788,0.13589000701904297,0.22376155853271484
789,0.13331842422485352,0.2233414649963379
790,0.1338968276977539,0.22731900215148926
791,0.13192439079284668,0.22618985176086426
792,0.1341838836669922,0.2234363555908203
793,0.1332411766052246,0.22432589530944824
794,0.13496899604797363,0.22565722465515137
795,0.1320667266845703,0.22764229774475098
796,0.13340234756469727,0.2628135681152344
797,0.13565516471862793,0.22260236740112305
798,0.13229775428771973,0.22365593910217285
799,0.13220882415771484,0.22426056861877441
800,0.13782405853271484,0.22563695907592773
801,0.1380770206451416,0.22632122039794922
802,0.13724207878112793,0.22786426544189453
803,0.13875961303710938,0.22470855712890625
804,0.13767766952514648,0.22368144989013672
805,0.13481640815734863,0.2258601188659668
806,0.13716769218444824,0.22383594512939453
807,0.13809561729431152,0.22722673416137695
808,0.13620328903198242,0.22740817070007324
809,0.13599705696105957,0.22256922721862793
810,0.1359720230102539,0.2221221923828125
811,0.13566851615905762,0.2251443862915039
812,0.13590478897094727,0.22570061683654785
813,0.13519859313964844,0.2400035858154297
814,0.133453369140625,0.22607684135437012
815,0.13514947891235352,0.22730159759521484
816,0.13560128211975098,0.22695350646972656
817,0.1357734203338623,0.22716999053955078
818,0.13613462448120117,0.22710347175598145
819,0.13477849960327148,0.22517991065979004
820,0.13454365730285645,0.22340607643127441
821,0.13495779037475586,0.22611665725708008
822,0.13471341133117676,0.22685527801513672
823,0.13499689102172852,0.22628331184387207
824,0.13596582412719727,0.22367072105407715
825,0.13486385345458984,0.22519302368164062
826,0.13693475723266602,0.22517108917236328
827,0.13397574424743652,0.2257227897644043
828,0.13562798500061035,0.22599148750305176
829,0.13654828071594238,0.22917771339416504
830,0.13684320449829102,0.22574329376220703
831,0.13470244407653809,0.2275846004486084
832,0.13683819770812988,0.22510123252868652
833,0.13443803787231445,0.23795485496520996
834,0.1350841522216797,0.22531533241271973
835,0.1347050666809082,0.22517132759094238
836,0.13788723945617676,0.22543573379516602
837,0.1364915370941162,0.22772502899169922
838,0.13654136657714844,0.22916150093078613
839,0.13748764991760254,0.22234630584716797
840,0.13276052474975586,0.22717857360839844
841,0.1345686912536621,0.22430872917175293
842,0.13382840156555176,0.22777819633483887
843,0.1297929286956787,0.22303438186645508
844,0.1345510482788086,0.22369146347045898
845,0.13489317893981934,0.2268688678741455
846,0.1356191635131836,0.22580480575561523
847,0.13309454917907715,0.22552847862243652
848,0.13345074653625488,0.2247028350830078
849,0.13478684425354004,0.22637224197387695
850,0.1368544101715088,0.2244555950164795
851,0.13654685020446777,0.22384357452392578
852,0.1371903419494629,0.22426056861877441
853,0.13855361938476562,0.22182893753051758
854,0.1370987892150879,0.221113920211792
855,0.13584423065185547,0.2286975383758545
856,0.1359245777130127,0.22582125663757324
857,0.13631510734558105,0.22641801834106445
858,0.13676190376281738,0.2284250259399414
859,0.1356823444366455,0.22536516189575195
860,0.1349930763244629,0.22592973709106445
861,0.13888287544250488,0.22461748123168945
862,0.13812613487243652,0.22432613372802734
863,0.13729357719421387,0.22534513473510742
864,0.13800835609436035,0.22418665885925293
865,0.13487601280212402,0.22436881065368652
866,0.13344168663024902,0.22594714164733887
867,0.1337432861328125,0.22726774215698242
868,0.13454222679138184,0.22594475746154785
869,0.13256430625915527,0.22601914405822754
870,0.13241195678710938,0.22482872009277344
871,0.13445305824279785,0.22568655014038086
872,0.13549566268920898,0.22115015983581543
873,0.13466262817382812,0.22534942626953125
874,0.13326692581176758,0.22880315780639648
875,0.13570761680603027,0.22791028022766113
876,0.13692522048950195,0.22589683532714844
877,0.13479399681091309,0.22680974006652832
878,0.1372976303100586,0.22494101524353027
879,0.13487505912780762,0.2257087230682373
880,0.12926816940307617,0.22307181358337402
881,0.13507676124572754,0.2239363193511963
882,0.1358933448791504,0.22353172302246094
883,0.13544297218322754,0.22582030296325684
884,0.13459086418151855,0.22669696807861328
885,0.13593006134033203,0.2257094383239746
886,0.13639545440673828,0.22336387634277344
887,0.13647055625915527,0.22458839416503906
888,0.13449573516845703,0.2243645191192627
889,0.13509893417358398,0.2236039638519287
890,0.13472652435302734,0.22200918197631836
891,0.13393664360046387,0.22669243812561035
892,0.13365745544433594,0.2250070571899414
893,0.13552284240722656,0.2254962921142578
894,0.13294196128845215,0.2242879867553711
895,0.1359710693359375,0.22941923141479492
896,0.13407230377197266,0.22726941108703613
897,0.13780951499938965,0.22477388381958008
898,0.13582396507263184,0.2253413200378418
899,0.13605499267578125,0.2253584861755371
900,0.1376352310180664,0.2270338535308838
901,0.13521552085876465,0.2287125587463379
902,0.13454961776733398,0.22701787948608398
903,0.1330888271331787,0.2274472713470459
904,0.143143892288208,0.22725391387939453
905,0.1369335651397705,0.2248067855834961
906,0.1347346305847168,0.2242298126220703
907,0.1322021484375,0.2267744541168213
908,0.13327813148498535,0.22576284408569336
909,0.13440585136413574,0.22240900993347168
910,0.13382935523986816,0.22394299507141113
911,0.1339094638824463,0.22241425514221191
912,0.13497138023376465,0.2234048843383789
913,0.1326911449432373,0.22400689125061035
914,0.1358354091644287,0.22638559341430664
915,0.13226079940795898,0.22971320152282715
916,0.13113141059875488,0.22455143928527832
917,0.13406872749328613,0.22327828407287598
918,0.13451504707336426,0.22692275047302246
919,0.13457441329956055,0.2245960235595703
920,0.13211750984191895,0.22779321670532227
921,0.13515758514404297,0.22610068321228027
922,0.13294291496276855,0.22579360008239746
923,0.13513755798339844,0.22687721252441406
924,0.1324930191040039,0.2259504795074463
925,0.12749767303466797,0.2251875400543213
926,0.13335251808166504,0.22434616088867188
927,0.12998318672180176,0.2231605052947998
928,0.13388848304748535,0.22357940673828125
929,0.13328981399536133,0.22708511352539062
930,0.13468122482299805,0.22884821891784668
931,0.13755249977111816,0.22484493255615234
932,0.13767194747924805,0.2264702320098877
933,0.1355295181274414,0.22187089920043945
934,0.12882685661315918,0.22460246086120605
935,0.13687896728515625,0.22344231605529785
936,0.1366732120513916,0.22406983375549316
937,0.13597822189331055,0.22633719444274902
938,0.13494300842285156,0.222059965133667
939,0.13844990730285645,0.22594833374023438
940,0.13629794120788574,0.22531580924987793
941,0.13253235816955566,0.22302484512329102
942,0.13267183303833008,0.2227025032043457
943,0.1325066089630127,0.22686266899108887
944,0.13373565673828125,0.22660541534423828
945,0.13889837265014648,0.22574520111083984
946,0.13845014572143555,0.22649621963500977
947,0.14089012145996094,0.22628498077392578
948,0.1373753547668457,0.22493243217468262
949,0.13898134231567383,0.22729897499084473
950,0.13881564140319824,0.22556042671203613
951,0.13809466361999512,0.22539281845092773
952,0.13880562782287598,0.22493743896484375
953,0.13976311683654785,0.22212529182434082
954,0.13909411430358887,0.22708964347839355
955,0.13734102249145508,0.22513556480407715
956,0.13875198364257812,0.225754976272583
957,0.1387925148010254,0.22191524505615234
958,0.14041757583618164,0.2272331714630127
959,0.1378340721130371,0.22725653648376465
960,0.1380901336669922,0.2230358123779297
961,0.140092134475708,0.22537732124328613
962,0.1385340690612793,0.2244720458984375
963,0.13793587684631348,0.22379708290100098
964,0.13843297958374023,0.22118258476257324
965,0.13611459732055664,0.22391796112060547
966,0.13500738143920898,0.22462701797485352
967,0.1359543800354004,0.22275090217590332
968,0.13338351249694824,0.2243785858154297
969,0.13847661018371582,0.22432279586791992
970,0.1358504295349121,0.22330331802368164
971,0.13498878479003906,0.22098588943481445
972,0.1324779987335205,0.22167372703552246
973,0.13653874397277832,0.22253108024597168
974,0.1388411521911621,0.2249298095703125
975,0.13368725776672363,0.22052383422851562
976,0.1378800868988037,0.22374534606933594
977,0.13836264610290527,0.22200703620910645
978,0.13703417778015137,0.22443437576293945
979,0.13772845268249512,0.22643041610717773
980,0.13744115829467773,0.22586917877197266
981,0.13658547401428223,0.22735977172851562
982,0.13416361808776855,0.22477364540100098
983,0.1328577995300293,0.22310090065002441
984,0.13508343696594238,0.22744512557983398
985,0.1351613998413086,0.22544598579406738
986,0.13379120826721191,0.22464799880981445
987,0.13217663764953613,0.22438907623291016
988,0.1335587501525879,0.22434115409851074
989,0.13211750984191895,0.2267763614654541
990,0.13508200645446777,0.22431111335754395
991,0.1321721076965332,0.2236173152923584
992,0.13236546516418457,0.2253265380859375
993,0.13457512855529785,0.2241530418395996
994,0.1321563720703125,0.2243335247039795
995,0.12982940673828125,0.22536921501159668
996,0.13313579559326172,0.22307276725769043
997,0.13399362564086914,0.22466135025024414
998,0.13439631462097168,0.22652387619018555
999,0.13348889350891113,0.22458410263061523
1000,0.13466739654541016,0.223921537399292
1001,0.132826566696167,0.22220325469970703
1002,0.13270282745361328,0.22831153869628906
1003,0.1341533660888672,0.22559380531311035
1004,0.13397669792175293,0.22606110572814941
1005,0.13591837882995605,0.22544026374816895
1006,0.136094331741333,0.22163057327270508
1007,0.13615798950195312,0.22835993766784668
1008,0.1352555751800537,0.2255847454071045
1009,0.13611555099487305,0.22757482528686523
1010,0.13343262672424316,0.21959710121154785
1011,0.13476943969726562,0.22507762908935547
1012,0.13211750984191895,0.22388386726379395
1013,0.1338484287261963,0.23360371589660645
1014,0.133392333984375,0.22073936462402344
1015,0.13445425033569336,0.22127532958984375
1016,0.13467645645141602,0.22327828407287598
1017,0.13620209693908691,0.22432303428649902
1018,0.13473105430603027,0.227860689163208
1019,0.13502049446105957,0.2265772819519043
1020,0.13512825965881348,0.2271127700805664
1021,0.13697361946105957,0.22320032119750977
1022,0.1350691318511963,0.2238473892211914
1023,0.13574886322021484,0.22780203819274902
1024,0.13340139389038086,0.22441864013671875
1025,0.13495540618896484,0.22275590896606445
1026,0.13576054573059082,0.22429490089416504
1027,0.13655948638916016,0.2249131202697754
1028,0.13510346412658691,0.22462725639343262
1029,0.13453125953674316,0.22716903686523438
1030,0.1366868019104004,0.2269420623779297
1031,0.13619732856750488,0.22734522819519043
1032,0.13327670097351074,0.22532081604003906
1033,0.13561582565307617,0.22318100929260254
1034,0.13650870323181152,0.22540569305419922
1035,0.13562750816345215,0.22483062744140625
1036,0.13544464111328125,0.2246096134185791
1037,0.13578557968139648,0.22884202003479004
1038,0.13405871391296387,0.2248985767364502
1039,0.13531756401062012,0.22513198852539062
1040,0.13613462448120117,0.22707104682922363
1041,0.1340956687927246,0.2248072624206543
1042,0.13526296615600586,0.22516298294067383
1043,0.13673138618469238,0.22408723831176758
1044,0.13561034202575684,0.22786951065063477
1045,0.13448309898376465,0.22520160675048828
1046,0.13388776779174805,0.22611737251281738
1047,0.1349506378173828,0.224869966506958
1048,0.13379502296447754,0.2175741195678711
1049,0.13482904434204102,0.22749090194702148
1050,0.1345837116241455,0.22557973861694336
1051,0.13322210311889648,0.22670650482177734
1052,0.13411211967468262,0.22666573524475098
1053,0.1346268653869629,0.22251605987548828
1054,0.13428425788879395,0.224365234375
1055,0.13196539878845215,0.22633719444274902
1056,0.1349492073059082,0.2268970012664795
1057,0.1323227882385254,0.2269747257232666
1058,0.13186311721801758,0.22613024711608887
1059,0.13280749320983887,0.22538065910339355
1060,0.13341784477233887,0.22574687004089355
1061,0.13612103462219238,0.22333526611328125
1062,0.1353166103363037,0.22434091567993164
1063,0.1347792148590088,0.22620010375976562
1064,0.13471412658691406,0.22477293014526367
1065,0.14005351066589355,0.22710347175598145
1066,0.14197850227355957,0.22617650032043457
1067,0.1391010284423828,0.22801804542541504
1068,0.14092564582824707,0.22965645790100098
1069,0.1385211944580078,0.2253279685974121
1070,0.1355147361755371,0.22872138023376465
1071,0.13496661186218262,0.22496581077575684
1072,0.13221406936645508,0.22797584533691406
1073,0.13355255126953125,0.2722609043121338
1074,0.1322040557861328,0.22582602500915527
1075,0.13252735137939453,0.22602033615112305
1076,0.13262271881103516,0.22630023956298828
1077,0.13543057441711426,0.22538518905639648
1078,0.13418292999267578,0.22891902923583984
1079,0.13474583625793457,0.2256908416748047
1080,0.13516521453857422,0.22506046295166016
1081,0.134627103805542,0.22764086723327637
1082,0.13407468795776367,0.22632241249084473
1083,0.13390135765075684,0.2697765827178955
1084,0.13608360290527344,0.22757172584533691
1085,0.13397598266601562,0.22481369972229004
1086,0.13376927375793457,0.22720932960510254
1087,0.13199925422668457,0.22726082801818848
1088,0.13299918174743652,0.2246103286743164
1089,0.13460445404052734,0.22965121269226074
1090,0.1342170238494873,0.24200820922851562
1091,0.13214898109436035,0.22229599952697754
1092,0.13243842124938965,0.22543072700500488
1093,0.1341114044189453,0.26517462730407715
1094,0.13461971282958984,0.22626042366027832
1095,0.1356492042541504,0.2266232967376709
1096,0.12962865829467773,0.22746992111206055
1097,0.12934374809265137,0.22474312782287598
1098,0.13201570510864258,0.2291572093963623
1099,0.13286709785461426,0.2229630947113037
1100,0.13388681411743164,0.22531366348266602
1101,0.13546228408813477,0.22562670707702637
1102,0.13622355461120605,0.22341060638427734
1103,0.13406586647033691,0.22312378883361816
1104,0.13481450080871582,0.22632598876953125
1105,0.1326136589050293,0.22827625274658203
1106,0.1373281478881836,0.22419977188110352
1107,0.1321566104888916,0.22463297843933105
1108,0.13547515869140625,0.22149324417114258
1109,0.13419532775878906,0.22597622871398926
1110,0.13545942306518555,0.2276918888092041
1111,0.13359522819519043,0.22569608688354492
1112,0.1293351650238037,0.22651219367980957
1113,0.1303844451904297,0.2232990264892578
1114,0.1331334114074707,0.22412776947021484
1115,0.12904858589172363,0.2275846004486084
1116,0.13501715660095215,0.2247631549835205
1117,0.1350102424621582,0.22412562370300293
1118,0.1277916431427002,0.2283947467803955
1119,0.13083624839782715,0.22871994972229004
1120,0.12997651100158691,0.22656512260437012
1121,0.12883830070495605,0.22599029541015625
1122,0.13315701484680176,0.22345232963562012
1123,0.12949037551879883,0.22513508796691895
1124,0.1296525001525879,0.2707986831665039
1125,0.13488030433654785,0.22479033470153809
1126,0.13245248794555664,0.22715306282043457
1127,0.13660573959350586,0.2238633632659912
1128,0.1381056308746338,0.22487735748291016
1129,0.13248848915100098,0.221113920211792
1130,0.13657474517822266,0.22620058059692383
1131,0.13513875007629395,0.22637224197387695
1132,0.13638639450073242,0.2265157699584961
1133,0.1344165802001953,0.2404003143310547
1134,0.13842296600341797,0.2659642696380615
1135,0.13543462753295898,0.22501683235168457
1136,0.1334836483001709,0.2256762981414795
1137,0.13393712043762207,0.2270956039428711
1138,0.13073492050170898,0.22909021377563477
1139,0.13186073303222656,0.22798752784729004
1140,0.13435864448547363,0.22749042510986328
1141,0.134979248046875,0.22617006301879883
1142,0.13475918769836426,0.22508478164672852
1143,0.13412928581237793,0.2260758876800537
1144,0.13431596755981445,0.2683844566345215
1145,0.13265657424926758,0.22661161422729492
1146,0.13470029830932617,0.22418451309204102
1147,0.12810349464416504,0.22536182403564453
1148,0.13380980491638184,0.22803711891174316
1149,0.1349320411682129,0.2286391258239746
1150,0.13247370719909668,0.22864151000976562
1151,0.13327932357788086,0.22751259803771973
1152,0.13193058967590332,0.22394299507141113
1153,0.1340939998626709,0.22451186180114746
1154,0.13427376747131348,0.22532320022583008
1155,0.13532543182373047,0.22672724723815918
1156,0.13426494598388672,0.22867584228515625
1157,0.13413143157958984,0.23073720932006836
1158,0.13045287132263184,0.22677922248840332
1159,0.1268911361694336,0.2223825454711914
1160,0.13422155380249023,0.21929621696472168
1161,0.13395357131958008,0.2245628833770752
1162,0.1359724998474121,0.22811412811279297
1163,0.13348054885864258,0.23133373260498047
1164,0.13248658180236816,0.2240006923675537
1165,0.1349496841430664,0.22618889808654785
1166,0.13050580024719238,0.22229862213134766
1167,0.12861323356628418,0.22538232803344727
1168,0.13073062896728516,0.22537875175476074
1169,0.1277310848236084,0.2227323055267334
1170,,0.22696685791015625
1171,,0.22615838050842285
1172,,0.2286841869354248
1173,,0.2253885269165039
1174,,0.22437191009521484
1175,,0.2690467834472656
1176,,0.22539544105529785
1177,,0.2271878719329834
1178,,0.22661375999450684
1179,,0.22834348678588867
1180,,0.22707653045654297
1181,,0.22381162643432617
1182,,0.22637510299682617
1183,,0.2245016098022461
1184,,0.22541475296020508
1185,,0.2709684371948242
1186,,0.22814559936523438
1187,,0.22435665130615234
1188,,0.22837519645690918
1189,,0.2256309986114502
1190,,0.22664928436279297
1191,,0.22962737083435059
1192,,0.225616455078125
1193,,0.22197484970092773
1194,,0.22528815269470215
1195,,0.27074527740478516
1196,,0.22757673263549805
1197,,0.22304129600524902
1198,,0.22619891166687012
1199,,0.22559046745300293
1200,,0.22456693649291992
1201,,0.22658085823059082
1202,,0.22579455375671387
1203,,0.22818207740783691
1204,,0.22840094566345215
1205,,0.22089385986328125
1206,,0.22465276718139648
1207,,0.22458744049072266
1208,,0.22278308868408203
1209,,0.22449755668640137
1210,,0.23405170440673828
1211,,0.22928833961486816
1212,,0.22826433181762695
1213,,0.2287921905517578
1214,,0.22746515274047852
1215,,0.22198128700256348
1216,,0.2294626235961914
1217,,0.23366427421569824
1218,,0.2222917079925537
1219,,0.22352886199951172
1220,,0.22382092475891113
1221,,0.22730517387390137
1222,,0.22677946090698242
1223,,0.2253265380859375
1224,,0.22466135025024414
1225,,0.22234702110290527
1226,,0.26720619201660156
1227,,0.22733664512634277
1228,,0.22754955291748047
1229,,0.22675013542175293
1230,,0.2248539924621582
1231,,0.22545337677001953
1232,,0.22544145584106445
1233,,0.22402095794677734
1234,,0.22700119018554688
1235,,0.22732877731323242
1236,,0.2639288902282715
1237,,0.22757744789123535
1238,,0.22490286827087402
1239,,0.2254331111907959
1240,,0.22298312187194824
1241,,0.22383594512939453
1242,,0.22484683990478516
1243,,0.2241501808166504
1244,,0.22612881660461426
1245,,0.2204282283782959
1246,,0.27146315574645996
1247,,0.22611737251281738
1248,,0.22644567489624023
1249,,0.22548174858093262
1250,,0.2260265350341797
1251,,0.22438383102416992
1252,,0.22539710998535156
1253,,0.2275092601776123
1254,,0.22537922859191895
1255,,0.22263789176940918
1256,,0.22544145584106445
1257,,0.22403216361999512
1258,,0.22622108459472656
1259,,0.22260761260986328
1260,,0.22705316543579102
1261,,0.2271101474761963
1262,,0.2244412899017334
1263,,0.2201824188232422
1264,,0.22648882865905762
1265,,0.2259993553161621
1266,,0.22515153884887695
1267,,0.22300386428833008
1268,,0.22253680229187012
1269,,0.2239677906036377
1270,,0.2234020233154297
1271,,0.22591567039489746
1272,,0.22337937355041504
1273,,0.22309112548828125
1274,,0.22620415687561035
1275,,0.22809219360351562
1276,,0.2275252342224121
1277,,0.27136731147766113
1278,,0.2234964370727539
1279,,0.22728681564331055
1280,,0.22666287422180176
1281,,0.22761178016662598
1282,,0.22385287284851074
1283,,0.22761225700378418
1284,,0.2291107177734375
1285,,0.22438430786132812
1286,,0.22361302375793457
1287,,0.26982951164245605
1288,,0.22595810890197754
1289,,0.22367548942565918
1290,,0.2231900691986084
1291,,0.2294604778289795
1292,,0.22543883323669434
1293,,0.22360897064208984
1294,,0.2199535369873047
1295,,0.23463034629821777
1296,,0.2254502773284912
1297,,0.2673983573913574
1298,,0.22691941261291504
1299,,0.22638750076293945
1300,,0.22739648818969727
1301,,0.22587823867797852
1302,,0.22459650039672852
1303,,0.22945356369018555
1304,,0.2240746021270752
1305,,0.22799277305603027
1306,,0.22562146186828613
1307,,0.22484993934631348
1308,,0.2233104705810547
1309,,0.2279512882232666
1310,,0.22887110710144043
1311,,0.22656679153442383
1312,,0.2249763011932373
1313,,0.22564435005187988
1314,,0.22151541709899902
1315,,0.23637628555297852
1316,,0.2258436679840088
1317,,0.22478580474853516
1318,,0.2242586612701416
1319,,0.22249102592468262
1320,,0.22518420219421387
1321,,0.22289061546325684
1322,,0.22235822677612305
1323,,0.22250699996948242
1324,,0.23006987571716309
